20190522,西岗,莲花白云,独栋·冠寓,大连奥林匹克广场店,1室1厅1卫,2409
20190522,西岗,莲花白云,独栋·冠寓,大连奥林匹克广场店,1室1厅1卫,2109
20190522,西岗,莲花白云,独栋·冠寓,大连奥林匹克广场店,1室1厅1卫,3332
20190522,西岗,莲花白云,独栋·冠寓,大连奥林匹克广场店,28平米,1609
20190522,西岗,莲花白云,独栋·冠寓,大连奥林匹克广场店,1室1厅1卫,2646
20190522,西岗,莲花白云,独栋·冠寓,大连奥林匹克广场店,1室1厅1卫,2744
20190522,西岗,莲花白云,整租·莲花山路,2室1厅,70平米,6500
20190522,西岗,莲花白云,合租·康平街,4居室,82平米,1050
20190522,西岗,莲花白云,槐花大厦,3室1厅,120平米,4500
20190522,西岗,莲花白云,莲花小区,2室1厅,65平米,2700
20190522,西岗,莲花白云,合租·胜利路（莲花白云商圈）,6居室,20平米,1250
20190522,西岗,莲花白云,康庄街,2室1厅,53平米,1900
20190522,西岗,莲花白云,绕山路,2室1厅,60平米,1500
20190522,西岗,莲花白云,合租·星海绿山城D区,3居室,20平米,1330
20190522,西岗,莲花白云,合租·胜利路（莲花白云商圈）,6居室,20平米,1000
20190522,西岗,莲花白云,绕山路,2室1厅,41平米,1500
20190522,西岗,莲花白云,合租·星海绿山城D区,3居室,20平米,1450
20190522,西岗,莲花白云,合租·康平街,4居室,22平米,950
20190522,西岗,莲花白云,合租·康平街,4居室,25平米,950
20190522,西岗,莲花白云,莲花小区,2室1厅,104平米,2800
20190522,西岗,莲花白云,莲花小区,2室2厅,93平米,2300
20190522,西岗,莲花白云,连界巷,2室1厅,55平米,1600
20190522,西岗,莲花白云,槐花大厦,4室1厅,198平米,8000
20190522,西岗,莲花白云,槐花大厦,4室1厅,117平米,4500
20190522,西岗,莲花白云,星海甲天下,3室2厅,156平米,6000
20190522,西岗,莲花白云,绕山路,2室1厅,78平米,1900
20190522,西岗,莲花白云,整租·金地海景,1室0厅,47平米,2100
20190522,西岗,莲花白云,金地海景,1室1厅,47平米,2300
20190522,西岗,莲花白云,连界巷,1室1厅,34平米,1300
20190522,西岗,莲花白云,和云巷,1室0厅,40平米,1500
20190522,西岗,莲花白云,和云巷,1室1厅,41平米,1000
20190522,西岗,莲花白云,绕山路,1室1厅,40平米,1600
20190522,西岗,莲花白云,和云巷,2室1厅,70平米,2300
20190522,西岗,莲花白云,康平街,2室1厅,65平米,2500
20190522,西岗,莲花白云,东经巷,2室1厅,70平米,2200
20190522,西岗,莲花白云,金地海景,1室0厅,42平米,2400
20190522,西岗,莲花白云,连界巷,1室1厅,40平米,1500
20190522,西岗,莲花白云,新星星海中心,2室1厅,97平米,5500
20190522,西岗,莲花白云,万科半山半海,2室1厅,95平米,5000
20190522,西岗,莲花白云,星海甲天下,3室2厅,133平米,5000
20190522,西岗,莲花白云,风云巷,1室1厅,34平米,1500
20190522,西岗,莲花白云,莲花小区,2室1厅,80平米,2000
20190522,西岗,莲花白云,山庄北三街,2室1厅,34平米,1500
20190522,西岗,莲花白云,星海绿山城D区,4室2厅,145平米,6000
20190522,西岗,莲花白云,彩云路,2室1厅,84平米,2300
20190522,西岗,莲花白云,绕山路,2室1厅,84平米,4500
20190522,西岗,莲花白云,东经巷,3室1厅,85平米,2500
20190522,西岗,莲花白云,万科半山半海,2室1厅,95平米,4500
20190522,西岗,莲花白云,山庄街,1室0厅,40平米,1600
20190522,西岗,莲花白云,山庄街,2室0厅,52平米,1300
20190522,西岗,莲花白云,金地海景,1室0厅,42平米,2500
20190522,西岗,莲花白云,和云巷,1室0厅,22平米,1000
20190522,西岗,莲花白云,东经巷,3室1厅,94平米,3000
20190522,西岗,莲花白云,莲花山路,2室1厅,61平米,2500
20190522,西岗,莲花白云,康平街,2室2厅,67平米,2100
20190522,西岗,莲花白云,整租·绕山路,3室1厅,80平米,2300
20190522,西岗,莲花白云,万科半山半海,2室1厅,93平米,4300
20190522,西岗,莲花白云,绕山路,2室1厅,60平米,1500
20190522,西岗,莲花白云,东经巷,3室1厅,95平米,3200
20190522,西岗,莲花白云,康平街,3室1厅,100平米,3700
20190522,西岗,莲花白云,绕山路,1室1厅,38平米,1400
20190522,西岗,莲花白云,彩云路,3室2厅,120平米,3500
20190522,西岗,莲花白云,莲花小区,3室1厅,90平米,2900
20190522,西岗,莲花白云,云峰巷,3室1厅,75平米,700
20190522,西岗,莲花白云,和云巷,1室1厅,50平米,1000
20190522,西岗,莲花白云,莲花山路,3室2厅,115平米,3500
20190522,西岗,莲花白云,莲花小区,1室1厅,50平米,2200
20190522,西岗,莲花白云,莲花小区,3室1厅,125平米,3400
20190522,西岗,莲花白云,连界巷,2室1厅,46平米,1500
20190522,西岗,莲花白云,绕山路,2室1厅,57平米,2300
20190522,西岗,莲花白云,莲花山路,2室1厅,50平米,2100
20190522,西岗,莲花白云,云峰巷,1室1厅,50平米,1400
20190522,西岗,莲花白云,金地海景,1室0厅,70平米,2800
20190522,西岗,莲花白云,绕云巷,2室0厅,55平米,1600
20190522,西岗,莲花白云,云峰巷,2室1厅,54平米,1500
20190522,西岗,莲花白云,东经巷,2室1厅,70平米,2200
20190522,西岗,莲花白云,东经巷,2室1厅,69平米,2800
20190522,西岗,莲花白云,新星星海中心,1室0厅,47平米,3500
20190522,西岗,莲花白云,丰盈星海,2室1厅,95平米,4500
20190522,西岗,莲花白云,和云巷,2室1厅,54平米,1900
20190522,西岗,莲花白云,新星星海中心,1室0厅,47平米,3500
20190522,西岗,莲花白云,风云巷,1室1厅,36平米,1200
20190522,西岗,莲花白云,山庄南一街,1室1厅,38平米,1300
20190522,西岗,莲花白云,莲花山路,2室0厅,43平米,2600
20190522,西岗,莲花白云,连界巷,2室1厅,58平米,2000
20190522,西岗,莲花白云,东经巷,2室1厅,80平米,2700
20190522,西岗,莲花白云,康平街,2室1厅,60平米,2400
20190522,西岗,莲花白云,长太巷,2室1厅,56平米,2500
20190522,西岗,莲花白云,绕云巷,2室1厅,65平米,2000
20190522,西岗,莲花白云,万科半山半海,2室1厅,92平米,4800
20190522,西岗,莲花白云,山庄北二街,1室1厅,34平米,1300
20190522,西岗,莲花白云,金地海景,1室1厅,50平米,2500
20190522,西岗,莲花白云,南阳巷,1室1厅,43平米,1200
20190522,西岗,莲花白云,新星星海中心,1室1厅,69平米,4000
20190522,西岗,莲花白云,连界巷,2室1厅,59平米,1800
20190522,西岗,莲花白云,万科半山半海,2室1厅,90平米,4500
20190522,西岗,莲花白云,新星星海中心,1室1厅,69平米,4000
20190522,西岗,莲花白云,万科半山半海,2室1厅,89平米,4300
20190522,西岗,莲花白云,万科半山半海,2室1厅,95平米,4500
20190522,西岗,莲花白云,万科半山半海,2室2厅,95平米,4600
20190522,西岗,莲花白云,府佳家园,2室1厅,77平米,2400
20190522,西岗,莲花白云,万科半山半海,2室1厅,95平米,4000
20190522,西岗,莲花白云,金地海景,1室0厅,47平米,2300
20190522,西岗,莲花白云,康平街,4室1厅,150平米,3900
20190522,西岗,莲花白云,和云巷,1室0厅,35平米,1300
20190522,西岗,莲花白云,和云巷,2室1厅,70平米,1600
20190522,西岗,莲花白云,金地海景,1室1厅,70平米,3400
20190522,西岗,莲花白云,东经巷,5室1厅,140平米,3500
20190522,西岗,莲花白云,新星星海中心,1室1厅,56平米,4000
20190522,西岗,莲花白云,新星星海中心,1室1厅,77平米,4500
20190522,西岗,莲花白云,金地海景,1室1厅,70平米,3500
20190522,西岗,莲花白云,康平街,3室1厅,80平米,3600
20190522,西岗,莲花白云,康平街,3室2厅,122平米,7500
20190522,西岗,莲花白云,槐花大厦,4室0厅,195平米,6000
20190522,西岗,莲花白云,金地海景,1室0厅,42平米,2000
20190522,西岗,莲花白云,康平街,2室1厅,56平米,1600
20190522,西岗,莲花白云,绕山路,2室1厅,88平米,2600
20190522,西岗,莲花白云,新星星海中心,1室0厅,68平米,3400
20190522,西岗,莲花白云,绕山路,2室1厅,72平米,2200
20190522,西岗,莲花白云,绕山路,2室1厅,47平米,2100
20190522,西岗,莲花白云,山庄南二巷,2室1厅,63平米,1600
20190522,西岗,莲花白云,绕山路,2室1厅,83平米,2100
20190522,西岗,莲花白云,新星星海中心,1室0厅,29平米,3500
20190522,西岗,莲花白云,康平街,2室1厅,53平米,2200
20190522,西岗,莲花白云,康平街,2室1厅,60平米,2600
20190522,西岗,莲花白云,山庄街,1室1厅,40平米,1800
20190522,西岗,莲花白云,星海绿山城D区,2室1厅,76平米,2000
20190522,西岗,莲花白云,万科半山半海,2室1厅,89平米,5000
20190522,西岗,莲花白云,新星星海中心,1室0厅,67平米,4000
20190522,西岗,莲花白云,山庄南一街,1室1厅,40平米,1350
20190522,西岗,莲花白云,东经巷,2室1厅,60平米,2500
20190522,西岗,莲花白云,东经巷,3室1厅,84平米,2800
20190522,西岗,莲花白云,东经巷,2室1厅,70平米,2300
20190522,西岗,莲花白云,莲花小区,2室2厅,93平米,2200
20190522,西岗,莲花白云,东经巷,1室1厅,44平米,1600
20190522,西岗,莲花白云,山庄南一街,3室1厅,76平米,2200
20190522,西岗,莲花白云,绕云巷,2室1厅,60平米,2200
20190522,西岗,莲花白云,绕云巷,1室1厅,34平米,1500
20190522,西岗,莲花白云,山庄北一街,1室1厅,40平米,1500
20190522,西岗,莲花白云,山庄北一街,2室1厅,54平米,1600
20190522,西岗,莲花白云,康平街,1室1厅,40平米,1800
20190522,西岗,莲花白云,莲花山路,2室1厅,67平米,1500
20190522,西岗,莲花白云,绕山路,1室1厅,45平米,1700
20190522,西岗,莲花白云,绕山路,1室0厅,34平米,1600
20190522,西岗,莲花白云,山庄南二巷,2室1厅,60平米,2200
20190522,西岗,莲花白云,山庄北三街,1室1厅,35平米,1500
20190522,西岗,莲花白云,星海绿山城D区,2室1厅,80平米,3800
20190522,西岗,莲花白云,金地海景,1室0厅,49平米,2400
20190522,西岗,莲花白云,槐花大厦,2室1厅,150平米,4000
20190522,西岗,莲花白云,金地海景,1室0厅,47平米,2300
20190522,西岗,莲花白云,新星星海中心,1室0厅,47平米,3500
20190522,西岗,莲花白云,万科半山半海,2室1厅,95平米,5000
20190522,西岗,莲花白云,山庄北三街,2室0厅,60平米,1700
20190522,西岗,莲花白云,绕山路,2室1厅,50平米,1500
20190522,西岗,莲花白云,山庄北三街,1室1厅,40平米,1300
20190522,西岗,莲花白云,和云巷,2室1厅,55平米,1500
20190522,西岗,莲花白云,丰盈星海,2室2厅,117平米,4000
20190522,西岗,莲花白云,莲花小区,2室1厅,68平米,1700
20190522,西岗,莲花白云,星海甲天下,2室2厅,127平米,4800
20190522,西岗,莲花白云,东经巷,2室2厅,90平米,2800
20190522,西岗,莲花白云,康庄街,1室0厅,38平米,1500
20190522,西岗,莲花白云,整租·山庄街,1室1厅,45平米,1500
20190522,西岗,莲花白云,康平街,2室1厅,56平米,1900
20190522,西岗,莲花白云,山庄北三街,3室1厅,71平米,2200
20190522,西岗,莲花白云,山庄北三街,2室0厅,50平米,2300
20190522,西岗,莲花白云,康庄街,1室1厅,40平米,1800
20190522,西岗,莲花白云,星海绿山城D区,2室2厅,83平米,3900
20190522,西岗,莲花白云,和云巷,2室1厅,59平米,1800
20190522,西岗,莲花白云,山庄南一街,2室1厅,70平米,2000
20190522,西岗,莲花白云,彩云路,3室2厅,103平米,3000
20190522,西岗,莲花白云,府佳家园,4室2厅,163平米,5000
20190522,高新园区,软件园,由家村,3室2厅,90平米,3800
20190522,高新园区,软件园,亿达国际新城,3室2厅,148平米,5500
20190522,高新园区,软件园,软景E居,2室2厅,94平米,5300
20190522,高新园区,软件园,软景E居,2室2厅,94平米,5500
20190522,高新园区,软件园,整租·第一干休所,3室1厅,120平米,3600
20190522,高新园区,软件园,亿达国际新城,3室2厅,150平米,8000
20190522,高新园区,软件园,合租·软件园小区,3居室,25平米,1100
20190522,高新园区,软件园,由家村,1室2厅,54平米,1800
20190522,高新园区,软件园,由家村,2室1厅,57平米,2200
20190522,高新园区,软件园,合租·星球花园,5居室,20平米,1250
20190522,高新园区,软件园,整租·city,one,60平米,2250
20190522,高新园区,软件园,由家村,2室2厅,81平米,2600
20190522,高新园区,软件园,由家村,3室1厅,80平米,1400
20190522,高新园区,软件园,亿达软景中心,1室1厅,43平米,3900
20190522,高新园区,软件园,双语学校,2室1厅,57平米,2650
20190522,高新园区,软件园,合租·星球花园,5居室,40平米,1350
20190522,高新园区,软件园,由家村,1室1厅,42平米,1650
20190522,高新园区,软件园,软件园小区,2室1厅,78平米,2450
20190522,高新园区,软件园,合租·星球花园,5居室,18平米,1200
20190522,高新园区,软件园,亿达软景中心,2室1厅,51平米,4500
20190522,高新园区,软件园,合租·亿达国际新城,5居室,20平米,1400
20190522,高新园区,软件园,由家村,2室1厅,68平米,2300
20190522,高新园区,软件园,软景E居,1室1厅,47平米,2700
20190522,高新园区,软件园,合租·星球花园,5居室,30平米,1180
20190522,高新园区,软件园,合租·宅语原,5居室,25平米,1500
20190522,高新园区,软件园,亿达国际新城,2室2厅,95平米,3700
20190522,高新园区,软件园,合租·老年公寓,4居室,15平米,950
20190522,高新园区,软件园,由家村,2室1厅,56平米,2400
20190522,高新园区,软件园,亿达学清园,2室1厅,109平米,4200
20190522,高新园区,软件园,合租·万奕学院派,3居室,15平米,1250
20190522,高新园区,软件园,第一干休所,3室2厅,100平米,3600
20190522,高新园区,软件园,合租·数码家园,3居室,15平米,1250
20190522,高新园区,软件园,合租·第一干休所,4居室,18平米,1150
20190522,高新园区,软件园,合租·第一干休所,4居室,15平米,1050
20190522,高新园区,软件园,软件园小区,2室1厅,79平米,2800
20190522,高新园区,软件园,合租·第一干休所,4居室,40平米,750
20190522,高新园区,软件园,合租·数码家园,3居室,15平米,1350
20190522,高新园区,软件园,合租·由家村,4居室,15平米,1100
20190522,高新园区,软件园,整租·由家村,1室1厅,50平米,2200
20190522,高新园区,软件园,合租·宅语原,5居室,54平米,1450
20190522,高新园区,软件园,宅语原,1室1厅,43平米,2700
20190522,高新园区,软件园,软景E居,1室1厅,47平米,2400
20190522,高新园区,软件园,软景E居,1室1厅,47平米,2800
20190522,高新园区,软件园,整租·亿达软景中心,1室1厅,47平米,4200
20190522,高新园区,软件园,亿达国际新城,3室2厅,131平米,4500
20190522,高新园区,软件园,学子园,3室2厅,110平米,4200
20190522,高新园区,软件园,亿达康派,3室2厅,153平米,5600
20190522,高新园区,软件园,整租·亿达康派,3室2厅,154平米,5800
20190522,高新园区,软件园,整租·万奕学院派,1室0厅,37平米,2300
20190522,高新园区,软件园,整租·软景E居,1室1厅,47平米,2700
20190522,高新园区,软件园,宅语原,2室2厅,87平米,3700
20190522,高新园区,软件园,合租·老年公寓,3居室,10平米,800
20190522,高新园区,软件园,亿达学清园,2室2厅,91平米,3800
20190522,高新园区,软件园,合租·软件园小区,3居室,12平米,1100
20190522,高新园区,软件园,亿达国际新城,3室2厅,154平米,5800
20190522,高新园区,软件园,宅语原,2室2厅,85平米,3800
20190522,高新园区,软件园,宅语原,1室1厅,42平米,2100
20190522,高新园区,软件园,宅语原,1室1厅,42平米,2300
20190522,高新园区,软件园,软景E居,1室1厅,47平米,2600
20190522,高新园区,软件园,软景E居,2室2厅,96平米,5500
20190522,高新园区,软件园,由家村,2室1厅,64平米,2200
20190522,高新园区,软件园,软景E居,2室1厅,78平米,3700
20190522,高新园区,软件园,万奕学院派,1室1厅,42平米,2300
20190522,高新园区,软件园,老年公寓,2室2厅,91平米,2800
20190522,高新园区,软件园,合租·软件园小区,5居室,17平米,1050
20190522,高新园区,软件园,合租·万奕学院派,3居室,21平米,1150
20190522,高新园区,软件园,东方圣荷西,2室1厅,149平米,6000
20190522,高新园区,软件园,合租·星球花园,5居室,20平米,1200
20190522,高新园区,软件园,软景E居,1室1厅,47平米,2700
20190522,高新园区,软件园,合租·数码家园,3居室,13平米,1300
20190522,高新园区,软件园,整租·city,one,40平米,2300
20190522,高新园区,软件园,合租·亿达国际新城,5居室,30平米,1380
20190522,高新园区,软件园,由家村,2室1厅,60平米,2000
20190522,高新园区,软件园,合租·宅语原,5居室,30平米,1400
20190522,高新园区,软件园,双语学校,2室1厅,56平米,2200
20190522,高新园区,软件园,斯坦福院落,2室1厅,78平米,3300
20190522,高新园区,软件园,整租·由家村,1室1厅,48平米,1700
20190522,高新园区,软件园,整租·由家村,1室1厅,55平米,1700
20190522,高新园区,软件园,整租·city,one,50平米,2250
20190522,高新园区,软件园,亿达软景中心,2室1厅,50平米,3900
20190522,高新园区,软件园,合租·亿达国际新城,3居室,20平米,1300
20190522,高新园区,软件园,由家村,2室1厅,57平米,2600
20190522,高新园区,软件园,软景E居,2室1厅,78平米,4000
20190522,高新园区,软件园,亿达学清园,2室1厅,105平米,4000
20190522,高新园区,软件园,软件园小区,2室1厅,53平米,1900
20190522,高新园区,软件园,亿达康派公寓,1室1厅,56平米,2300
20190522,高新园区,软件园,宅语原,1室1厅,43平米,2300
20190522,高新园区,软件园,由家村,1室0厅,30平米,1000
20190522,高新园区,软件园,软景E居,1室1厅,47平米,2700
20190522,高新园区,软件园,软件园小区,1室1厅,47平米,1950
20190522,高新园区,软件园,亿达学清园,2室2厅,100平米,4500
20190522,高新园区,软件园,中辰国际公寓,1室1厅,49平米,2550
20190522,高新园区,软件园,亿达国际新城,3室2厅,117平米,4600
20190522,高新园区,软件园,万奕学院派,2室1厅,93平米,2800
20190522,高新园区,软件园,斯坦福院落,2室1厅,85平米,3500
20190522,高新园区,软件园,整租·宅语原,2室2厅,92平米,3700
20190522,高新园区,软件园,由家村,2室1厅,66平米,2300
20190522,高新园区,软件园,斯坦福院落,2室2厅,80平米,3200
20190522,高新园区,软件园,双语学校,2室1厅,57平米,2000
20190522,高新园区,软件园,由家村,2室1厅,52平米,1600
20190522,高新园区,软件园,亿达康派公寓,1室0厅,44平米,2300
20190522,高新园区,软件园,斯坦福院落,1室1厅,67平米,2800
20190522,高新园区,软件园,city,one,39平米,2300
20190522,高新园区,软件园,亿达康派公寓,1室0厅,44平米,2300
20190522,高新园区,软件园,亿达软景中心,1室1厅,42平米,3500
20190522,高新园区,软件园,软景E居,1室1厅,47平米,2700
20190522,高新园区,软件园,宅语原,1室0厅,35平米,2200
20190522,高新园区,软件园,宅语原,1室0厅,34平米,2100
20190522,高新园区,软件园,软景E居,1室0厅,51平米,3000
20190522,高新园区,软件园,由家村,2室1厅,60平米,2300
20190522,高新园区,软件园,斯坦福院落,2室2厅,91平米,3600
20190522,高新园区,软件园,软件园小区,2室2厅,61平米,2200
20190522,高新园区,软件园,亿达软景中心,2室1厅,47平米,4000
20190522,高新园区,软件园,亿达软景中心,2室1厅,47平米,3500
20190522,高新园区,软件园,软景E居,1室1厅,47平米,2900
20190522,高新园区,软件园,软景E居,1室1厅,47平米,3000
20190522,高新园区,软件园,软件园小区,2室1厅,77平米,2600
20190522,高新园区,软件园,亿达学清园,2室2厅,89平米,3300
20190522,高新园区,软件园,亿达知音园,2室2厅,100平米,4000
20190522,高新园区,软件园,由家村,1室1厅,54平米,2600
20190522,高新园区,软件园,亿达学清园,3室1厅,125平米,4500
20190522,高新园区,软件园,软件园小区,1室1厅,55平米,1800
20190522,高新园区,软件园,由家村,1室1厅,42平米,2300
20190522,高新园区,软件园,亿达康派,2室1厅,74平米,3500
20190522,高新园区,软件园,软件园小区,2室1厅,60平米,2300
20190522,高新园区,软件园,软景E居,2室1厅,78平米,4000
20190522,高新园区,软件园,亿达软景中心,1室1厅,42平米,3400
20190522,高新园区,软件园,龙江路（学府商圈）,2室1厅,68平米,10000
20190522,高新园区,软件园,万奕学院派,2室1厅,75平米,2450
20190522,高新园区,软件园,city,one,106平米,6000
20190522,高新园区,软件园,由家村,2室1厅,59平米,2600
20190522,高新园区,软件园,软景E居,1室1厅,47平米,2590
20190522,高新园区,软件园,软景E居,1室1厅,51平米,2750
20190522,高新园区,软件园,软景E居,1室1厅,46平米,2700
20190522,高新园区,软件园,东方圣荷西,1室1厅,63平米,3200
20190522,高新园区,软件园,亿达学清园,3室2厅,121平米,3800
20190522,高新园区,软件园,双语学校,1室0厅,35平米,2000
20190522,高新园区,软件园,亿达国际新城,2室2厅,101平米,3500
20190522,高新园区,软件园,软景E居,1室0厅,51平米,3000
20190522,高新园区,软件园,宅语原,1室0厅,36平米,2200
20190522,高新园区,软件园,city,one,255平米,8000
20190522,高新园区,软件园,亿达康派,4室1厅,167平米,6500
20190522,高新园区,软件园,龙江路（学府商圈）,2室1厅,84平米,2600
20190522,高新园区,软件园,亿达学清园,1室1厅,60平米,2800
20190522,高新园区,软件园,宅语原,1室0厅,35平米,2100
20190522,高新园区,软件园,软景E居,1室0厅,42平米,2500
20190522,高新园区,软件园,双语学校,1室1厅,45平米,1900
20190522,高新园区,软件园,软件园小区,2室1厅,61平米,2500
20190522,高新园区,软件园,city,one,122平米,5500
20190522,高新园区,软件园,亿达国际新城,3室2厅,81平米,3700
20190522,高新园区,软件园,东方圣荷西,3室2厅,136平米,6000
20190522,高新园区,软件园,亿达国际新城,2室2厅,117平米,5000
20190522,高新园区,软件园,由家村,2室1厅,57平米,2000
20190522,高新园区,软件园,软景E居,1室1厅,47平米,2600
20190522,高新园区,软件园,双语学校,1室1厅,40平米,1600
20190522,高新园区,软件园,软景E居,1室1厅,47平米,2600
20190522,高新园区,软件园,软景E居,1室1厅,47平米,2700
20190522,高新园区,软件园,整租·软景E居,1室1厅,47平米,2800
20190522,高新园区,软件园,整租·由家村,1室1厅,38平米,2000
20190522,高新园区,软件园,整租·软景E居,1室0厅,47平米,2700
20190522,高新园区,软件园,软景E居,1室1厅,47平米,2700
20190522,高新园区,软件园,软景E居,1室1厅,47平米,2500
20190522,高新园区,软件园,软件园小区,1室1厅,50平米,1900
20190522,高新园区,软件园,宅语原,1室1厅,43平米,2380
20190522,高新园区,软件园,city,one,104平米,4000
20190522,高新园区,软件园,软景E居,1室0厅,42平米,2500
20190522,高新园区,软件园,斯坦福院落,2室1厅,69平米,3200
20190522,高新园区,软件园,老年公寓,2室1厅,72平米,2600
20190522,高新园区,软件园,整租·双语学校,2室1厅,59平米,2450
20190522,高新园区,软件园,整租·软件园小区,2室1厅,67平米,2300
20190522,高新园区,软件园,由家村,1室1厅,39平米,2400
20190522,高新园区,软件园,数码家园,1室0厅,40平米,2000
20190522,高新园区,软件园,软景E居,1室0厅,47平米,2600
20190522,高新园区,软件园,由家村,1室1厅,50平米,2100
20190522,高新园区,软件园,city,one,46平米,2300
20190522,高新园区,软件园,city,one,42平米,2100
20190522,高新园区,软件园,软景E居,1室1厅,51平米,3000
20190522,高新园区,软件园,软景E居,1室1厅,47平米,2700
20190522,高新园区,软件园,老年公寓,2室1厅,91平米,2600
20190522,高新园区,软件园,整租·宅语原,1室1厅,58平米,2700
20190522,高新园区,软件园,中辰国际公寓,1室1厅,49平米,2400
20190522,高新园区,软件园,软景E居,1室1厅,51平米,2800
20190522,高新园区,软件园,亿达康派,1室0厅,35平米,1700
20190522,高新园区,软件园,亿达康派,1室0厅,32平米,2000
20190522,高新园区,软件园,由家村,2室1厅,53平米,2400
20190522,高新园区,软件园,软景E居,2室1厅,78平米,3900
20190522,高新园区,软件园,由家村,1室1厅,42平米,1900
20190522,高新园区,软件园,由家村,1室1厅,39平米,1400
20190522,高新园区,软件园,双语学校,2室0厅,58平米,2200
20190522,高新园区,软件园,亿达学清园,2室2厅,110平米,4000
20190522,高新园区,软件园,宅语原,1室0厅,35平米,2000
20190522,高新园区,软件园,亿达康派公寓,1室0厅,55平米,2400
20190522,高新园区,软件园,软件园小区,1室1厅,71平米,1200
20190522,高新园区,软件园,亿达国际新城,2室1厅,62平米,3200
20190522,高新园区,软件园,city,one,40平米,2100
20190522,高新园区,软件园,第一干休所,1室1厅,60平米,2600
20190522,高新园区,软件园,软景E居,1室0厅,47平米,3000
20190522,高新园区,软件园,双语学校,2室1厅,55平米,2000
20190522,高新园区,软件园,由家村,2室1厅,64平米,2600
20190522,高新园区,软件园,宅语原,1室1厅,37平米,2300
20190522,高新园区,软件园,软件园小区,2室1厅,63平米,2200
20190522,高新园区,软件园,软景E居,2室1厅,78平米,4100
20190522,高新园区,软件园,软景E居,1室1厅,47平米,2800
20190522,高新园区,软件园,整租·龙江路（学府商圈）,3室1厅,68平米,2500
20190522,高新园区,软件园,整租·双语学校,2室1厅,66平米,2200
20190522,高新园区,软件园,由家村,2室2厅,55平米,2400
20190522,高新园区,软件园,软件园小区,2室1厅,72平米,2800
20190522,高新园区,软件园,由家村,1室0厅,52平米,2000
20190522,高新园区,软件园,由家村,1室1厅,70平米,2000
20190522,高新园区,软件园,亿达康派公寓,1室1厅,44平米,2300
20190522,高新园区,软件园,由家村,2室1厅,65平米,2200
20190522,高新园区,软件园,整租·软景E居,1室1厅,51平米,3000
20190522,高新园区,软件园,整租·由家村,2室1厅,53平米,2000
20190522,高新园区,软件园,软景E居,1室1厅,47平米,2700
20190522,高新园区,软件园,亿达康派公寓,2室1厅,84平米,3400
20190522,高新园区,软件园,双语学校,3室1厅,80平米,2500
20190522,高新园区,软件园,亿达康派公寓,2室1厅,92平米,3800
20190522,高新园区,软件园,软景E居,1室0厅,51平米,2900
20190522,高新园区,软件园,软景E居,1室1厅,48平米,2700
20190522,高新园区,软件园,city,one,45平米,2400
20190522,高新园区,软件园,由家村,3室2厅,77平米,3000
20190522,高新园区,软件园,亿达康派公寓,1室1厅,62平米,2600
20190522,高新园区,软件园,老年公寓,1室2厅,60平米,1800
20190522,高新园区,软件园,双语学校,1室1厅,55平米,1700
20190522,高新园区,软件园,双语学校,2室1厅,57平米,2400
20190522,高新园区,软件园,中辰国际公寓,1室1厅,51平米,2500
20190522,高新园区,软件园,软件园小区,2室1厅,62平米,2500
20190522,高新园区,软件园,软件园小区,1室1厅,48平米,1900
20190522,高新园区,软件园,由家村,2室1厅,60平米,2700
20190522,高新园区,软件园,软景E居,1室1厅,47平米,2800
20190522,高新园区,软件园,软景E居,1室0厅,47平米,2500
20190522,高新园区,软件园,亿达知音园,2室1厅,103平米,4200
20190522,高新园区,软件园,宅语原,1室1厅,60平米,2700
20190522,高新园区,软件园,由家村,2室1厅,53平米,2300
20190522,高新园区,软件园,亿达软景中心,2室1厅,47平米,3600
20190522,高新园区,软件园,第一干休所,4室2厅,94平米,4000
20190522,高新园区,软件园,中辰国际公寓,1室1厅,49平米,2500
20190522,高新园区,软件园,亿达康派公寓,1室1厅,45平米,2450
20190522,高新园区,软件园,亿达知音园,2室1厅,107平米,4500
20190522,高新园区,软件园,软件园小区,2室1厅,76平米,5000
20190522,高新园区,软件园,软景E居,1室1厅,47平米,2600
20190522,高新园区,软件园,斯坦福院落,2室2厅,88平米,3600
20190522,高新园区,软件园,软件园小区,2室1厅,60平米,2500
20190522,高新园区,软件园,软件园小区,1室1厅,49平米,2100
20190522,高新园区,软件园,软件园小区,3室2厅,95平米,3000
20190522,高新园区,软件园,软件园小区,1室1厅,50平米,1800
20190522,高新园区,软件园,万奕学院派,1室1厅,32平米,2100
20190522,高新园区,软件园,软景E居,1室1厅,47平米,2700
20190522,高新园区,软件园,万奕学院派,1室0厅,51平米,2400
20190522,高新园区,软件园,软件园小区,2室1厅,60平米,2200
20190522,高新园区,软件园,老年公寓,2室2厅,75平米,2500
20190522,高新园区,软件园,龙江路（学府商圈）,1室1厅,20平米,1000
20190522,高新园区,软件园,宅语原,1室1厅,43平米,2300
20190522,高新园区,软件园,亿达软景中心,2室1厅,47平米,4100
20190522,高新园区,软件园,亿达康派公寓,2室1厅,92平米,4100
20190522,高新园区,软件园,由家村,2室1厅,52平米,2200
20190522,高新园区,软件园,万奕学院派,1室1厅,42平米,2000
20190522,高新园区,软件园,city,one,46平米,2400
20190522,高新园区,软件园,软景E居,1室1厅,47平米,2800
20190522,高新园区,软件园,万奕学院派,1室0厅,37平米,2100
20190522,高新园区,软件园,由家村,2室1厅,55平米,2300
20190522,高新园区,软件园,city,one,46平米,2200
20190522,高新园区,软件园,软景E居,1室1厅,47平米,2900
20190522,高新园区,软件园,整租·万奕学院派,1室0厅,25平米,800
20190522,高新园区,软件园,软景E居,1室0厅,47平米,2700
20190522,高新园区,软件园,整租·亿达软景中心,1室1厅,47平米,3800
20190522,高新园区,软件园,亿达知音园,4室1厅,183平米,7000
20190522,高新园区,软件园,亿达国际新城,4室1厅,115平米,4800
20190522,高新园区,软件园,软景E居,1室1厅,47平米,2800
20190522,高新园区,软件园,万奕学院派,2室1厅,70平米,2700
20190522,高新园区,软件园,万奕学院派,1室1厅,32平米,2000
20190522,高新园区,软件园,由家村,2室1厅,78平米,2700
20190522,高新园区,软件园,亿达国际新城,2室2厅,77平米,3200
20190522,高新园区,软件园,亿达国际新城,2室1厅,100平米,3700
20190522,高新园区,软件园,软景E居,1室1厅,51平米,2800
20190522,高新园区,软件园,软景E居,1室0厅,47平米,2800
20190522,高新园区,软件园,宅语原,1室0厅,35平米,2200
20190522,高新园区,软件园,宅语原,1室1厅,42平米,2300
20190522,高新园区,软件园,软景E居,1室1厅,51平米,2700
20190522,高新园区,软件园,万奕学院派,3室2厅,150平米,3000
20190522,高新园区,软件园,宅语原,1室1厅,42平米,2300
20190522,高新园区,软件园,软景E居,1室1厅,47平米,2700
20190522,高新园区,软件园,宅语原,1室0厅,36平米,2200
20190522,高新园区,软件园,由家村,1室1厅,43平米,1900
20190522,高新园区,软件园,软件园小区,2室1厅,50平米,2000
20190522,高新园区,软件园,软景E居,1室0厅,47平米,2700
20190522,高新园区,软件园,双语学校,2室1厅,66平米,2500
20190522,高新园区,软件园,整租·亿达学清园,3室2厅,129平米,8000
20190522,高新园区,软件园,由家村,2室1厅,67平米,2000
20190522,高新园区,软件园,软景E居,1室0厅,51平米,3000
20190522,高新园区,软件园,软景E居,1室1厅,47平米,2700
20190522,高新园区,软件园,city,one,107平米,5200
20190522,高新园区,软件园,由家村,1室2厅,52平米,1800
20190522,高新园区,软件园,city,one,35平米,1900
20190522,高新园区,软件园,软件园小区,1室1厅,45平米,1850
20190522,高新园区,软件园,宅语原,1室1厅,43平米,2650
20190522,高新园区,软件园,软景E居,1室1厅,47平米,2700
20190522,高新园区,软件园,亿达学清园,3室2厅,101平米,4200
20190522,高新园区,软件园,由家村,2室1厅,65平米,2400
20190522,高新园区,软件园,软景E居,1室1厅,51平米,2850
20190522,高新园区,软件园,亿达康派公寓,1室1厅,39平米,2300
20190522,高新园区,软件园,软景E居,1室1厅,48平米,2700
20190522,高新园区,软件园,亿达康派公寓,1室0厅,44平米,2300
20190522,高新园区,软件园,整租·软景E居,1室1厅,47平米,2900
20190522,高新园区,软件园,东方圣荷西,2室1厅,119平米,4800
20190522,高新园区,软件园,宅语原,1室0厅,36平米,2100
20190522,高新园区,软件园,软件园小区,2室1厅,71平米,2700
20190522,高新园区,软件园,双语学校,2室1厅,56平米,2200
20190522,高新园区,软件园,亿达康派公寓,1室1厅,56平米,2600
20190522,高新园区,软件园,软件园小区,2室1厅,77平米,2700
20190522,高新园区,软件园,软景E居,1室0厅,42平米,2500
20190522,高新园区,软件园,由家村,1室1厅,46平米,3400
20190522,沙河口,星海人家商圈,合租·星云街,5居室,18平米,1400
20190522,沙河口,星海人家商圈,合租·星云街,5居室,15平米,1400
20190522,沙河口,星海人家商圈,兰亭山水,7室2厅,185平米,7500
20190522,沙河口,星海人家商圈,合租·星云街,5居室,14平米,1200
20190522,沙河口,星海人家商圈,星海人家,3室2厅,132平米,4800
20190522,沙河口,星海人家商圈,星海街,3室1厅,82平米,2400
20190522,沙河口,星海人家商圈,星海人家,3室2厅,128平米,6800
20190522,沙河口,星海人家商圈,星海中龙园,3室2厅,120平米,3000
20190522,沙河口,星海人家商圈,星海人家,3室2厅,115平米,7800
20190522,沙河口,星海人家商圈,大华御庭,2室2厅,97平米,3800
20190522,沙河口,星海人家商圈,合租·大华御庭,4居室,22平米,1200
20190522,沙河口,星海人家商圈,合租·大华御庭,3居室,12平米,1200
20190522,沙河口,星海人家商圈,星海人家,3室2厅,132平米,5500
20190522,沙河口,星海人家商圈,星海人家,3室2厅,131平米,4800
20190522,沙河口,星海人家商圈,大华御庭,3室1厅,128平米,4000
20190522,沙河口,星海人家商圈,合租·中山路,4居室,20平米,1150
20190522,沙河口,星海人家商圈,整租·星海人家,3室2厅,130平米,6000
20190522,沙河口,星海人家商圈,星海人家,3室2厅,131平米,5300
20190522,沙河口,星海人家商圈,星海人家,3室2厅,163平米,7500
20190522,沙河口,星海人家商圈,星海人家,3室1厅,126平米,5300
20190522,沙河口,星海人家商圈,星海中龙园,3室2厅,133平米,3800
20190522,沙河口,星海人家商圈,大华御庭,3室1厅,127平米,4800
20190522,沙河口,星海人家商圈,星海中龙园,3室2厅,128平米,4300
20190522,沙河口,星海人家商圈,合租·大华御庭,3居室,15平米,1100
20190522,沙河口,星海人家商圈,合租·星海街,2居室,18平米,980
20190522,沙河口,星海人家商圈,星月街,1室1厅,36平米,1700
20190522,沙河口,星海人家商圈,星海人家,2室2厅,103平米,4000
20190522,沙河口,星海人家商圈,星海人家,3室2厅,124平米,7000
20190522,沙河口,星海人家商圈,大华御庭,1室2厅,72平米,3100
20190522,沙河口,星海人家商圈,兰亭山水,3室2厅,126平米,4500
20190522,沙河口,星海人家商圈,星海人家,2室2厅,96平米,4800
20190522,沙河口,星海人家商圈,大华御庭,2室0厅,90平米,3100
20190522,沙河口,星海人家商圈,大华御庭,2室1厅,97平米,3800
20190522,沙河口,星海人家商圈,星海自由港,1室1厅,54平米,2600
20190522,沙河口,星海人家商圈,星海街,1室0厅,32平米,1700
20190522,沙河口,星海人家商圈,星月街,2室1厅,47平米,2500
20190522,沙河口,星海人家商圈,星海人家,2室1厅,100平米,4000
20190522,沙河口,星海人家商圈,星云街,1室1厅,37平米,1100
20190522,沙河口,星海人家商圈,大华御庭,1室1厅,70平米,3250
20190522,沙河口,星海人家商圈,星海自由港,1室1厅,47平米,2300
20190522,沙河口,星海人家商圈,大华御庭,1室1厅,63平米,2900
20190522,沙河口,星海人家商圈,西安路（和平广场商圈）,2室0厅,53平米,2200
20190522,沙河口,星海人家商圈,整租·兰亭山水,3室2厅,136平米,4500
20190522,沙河口,星海人家商圈,星海人家,3室2厅,120平米,5500
20190522,沙河口,星海人家商圈,星海人家,3室2厅,115平米,5500
20190522,沙河口,星海人家商圈,大华御庭,4室1厅,144平米,4500
20190522,沙河口,星海人家商圈,大华御庭,2室2厅,99平米,3800
20190522,沙河口,星海人家商圈,整租·大华御庭,2室2厅,98平米,3700
20190522,沙河口,星海人家商圈,星海人家,3室2厅,125平米,4800
20190522,沙河口,星海人家商圈,星海人家,3室2厅,149平米,10000
20190522,沙河口,星海人家商圈,星海人家,3室2厅,120平米,5800
20190522,沙河口,星海人家商圈,兰亭山水,2室2厅,103平米,4200
20190522,沙河口,星海人家商圈,星云街,3室1厅,90平米,2800
20190522,沙河口,星海人家商圈,星海自由港,1室1厅,44平米,2400
20190522,沙河口,星海人家商圈,星海自由港,1室0厅,35平米,2000
20190522,沙河口,星海人家商圈,星海街,3室2厅,100平米,3000
20190522,沙河口,星海人家商圈,星云街,2室1厅,55平米,2300
20190522,沙河口,星海人家商圈,星海人家,2室2厅,103平米,4500
20190522,沙河口,星海人家商圈,星海街,2室0厅,55平米,2000
20190522,沙河口,星海人家商圈,西安路（和平广场商圈）,1室0厅,14平米,800
20190522,沙河口,星海人家商圈,整租·西安路（和平广场商圈）,1室0厅,35平米,2000
20190522,沙河口,星海人家商圈,星海街,2室1厅,64平米,1900
20190522,沙河口,星海人家商圈,大华御庭,1室1厅,89平米,3200
20190522,沙河口,星海人家商圈,大华御庭,2室1厅,71平米,3200
20190522,沙河口,星海人家商圈,星月街,2室1厅,70平米,2000
20190522,沙河口,星海人家商圈,星海街,2室0厅,46平米,2300
20190522,沙河口,星海人家商圈,星海一街,3室0厅,67平米,3100
20190522,沙河口,星海人家商圈,星海中龙园,1室0厅,170平米,8400
20190522,沙河口,星海人家商圈,星海街,2室0厅,48平米,2000
20190522,沙河口,星海人家商圈,星海一街,1室0厅,35平米,1700
20190522,沙河口,星海人家商圈,星海自由港,1室1厅,55平米,2400
20190522,沙河口,星海人家商圈,星海自由港,1室0厅,35平米,2200
20190522,沙河口,星海人家商圈,星海自由港,1室0厅,35平米,2100
20190522,沙河口,星海人家商圈,星海自由港,1室1厅,47平米,2500
20190522,沙河口,星海人家商圈,星月街,2室0厅,47平米,2000
20190522,沙河口,星海人家商圈,兰亭山水,2室2厅,102平米,4200
20190522,沙河口,星海人家商圈,星云街,2室1厅,56平米,2100
20190522,沙河口,星海人家商圈,大华御庭,1室1厅,50平米,2300
20190522,沙河口,星海人家商圈,星海人家,4室1厅,153平米,7500
20190522,沙河口,星海人家商圈,星海街,2室1厅,68平米,1750
20190522,沙河口,星海人家商圈,星海街,2室1厅,45平米,1500
20190522,沙河口,星海人家商圈,大华御庭,2室2厅,98平米,4500
20190522,沙河口,星海人家商圈,星海自由港,1室1厅,53平米,2500
20190522,沙河口,星海人家商圈,星月街,3室1厅,85平米,2800
20190522,沙河口,星海人家商圈,星云街,2室1厅,70平米,2200
20190522,沙河口,星海人家商圈,星海人家,2室1厅,99平米,4000
20190522,沙河口,星海人家商圈,星海人家,2室2厅,100平米,4300
20190522,沙河口,星海人家商圈,星海人家,3室2厅,126平米,7500
20190522,沙河口,星海人家商圈,星海街,3室0厅,60平米,2400
20190522,沙河口,星海人家商圈,星海街,1室1厅,44平米,5000
20190522,沙河口,星海人家商圈,星月街,3室1厅,100平米,3100
20190522,沙河口,星海人家商圈,星海街,2室0厅,50平米,1800
20190522,沙河口,星海人家商圈,星海自由港,1室1厅,44平米,2300
20190522,沙河口,星海人家商圈,大华御庭,2室2厅,131平米,6000
20190522,沙河口,星海人家商圈,星海一街,2室0厅,40平米,1650
20190522,沙河口,星海人家商圈,星海街,1室0厅,40平米,2150
20190522,沙河口,星海人家商圈,星海人家,3室2厅,115平米,4900
20190522,沙河口,星海人家商圈,大华御庭,2室1厅,98平米,3500
20190522,沙河口,星海人家商圈,星海人家,3室2厅,170平米,10000
20190522,沙河口,星海人家商圈,星海自由港,1室0厅,35平米,2100
20190522,沙河口,星海人家商圈,星海街,2室1厅,50平米,1900
20190522,沙河口,星海人家商圈,大华御庭,3室2厅,90平米,2600
20190522,沙河口,星海人家商圈,星海人家,3室2厅,131平米,5500
20190522,沙河口,星海人家商圈,星海街,2室1厅,57平米,1500
20190522,沙河口,星海人家商圈,星月街,2室1厅,50平米,1800
20190522,沙河口,星海人家商圈,星海街,1室0厅,40平米,1400
20190522,沙河口,星海人家商圈,星海自由港,1室0厅,35平米,2300
20190522,沙河口,星海人家商圈,星云街,2室0厅,48平米,1700
20190522,沙河口,星海人家商圈,星海中龙园,1室1厅,90平米,3500
20190522,沙河口,星海人家商圈,星海人家,4室2厅,153平米,8200
20190522,沙河口,星海人家商圈,星海人家,3室2厅,128平米,5300
20190522,沙河口,星海人家商圈,星海人家,4室2厅,175平米,10000
20190522,沙河口,星海人家商圈,星云街,2室1厅,70平米,2300
20190522,沙河口,星海人家商圈,大华御庭,3室2厅,128平米,4800
20190522,沙河口,星海人家商圈,兰亭山水,3室2厅,154平米,4500
20190522,沙河口,星海人家商圈,星海街,1室0厅,12平米,2000
20190522,沙河口,星海人家商圈,星海中龙园,2室1厅,94平米,3600
20190522,沙河口,星海人家商圈,星海自由港,1室0厅,34平米,2600
20190522,沙河口,星海人家商圈,星海自由港,1室1厅,53平米,2400
20190522,西岗,侯家沟,敦煌大厦,4室1厅,101平米,3000
20190522,西岗,侯家沟,侯一小区,3室2厅,132平米,11000
20190522,西岗,侯家沟,侯一小区,2室1厅,60平米,2000
20190522,西岗,侯家沟,侯一小区,2室2厅,97平米,3800
20190522,西岗,侯家沟,侯一小区,2室1厅,64平米,1800
20190522,西岗,侯家沟,中铁十三局,2室1厅,60平米,2500
20190522,西岗,侯家沟,侯一小区,1室1厅,61平米,2700
20190522,西岗,侯家沟,侯二小区,2室1厅,59平米,1450
20190522,西岗,侯家沟,车家村,2室1厅,60平米,2100
20190522,西岗,侯家沟,侯二小区,1室2厅,50平米,2200
20190522,西岗,侯家沟,合租·香洲心城,3居室,17平米,1350
20190522,西岗,侯家沟,柳馨家园,3室2厅,138平米,3300
20190522,西岗,侯家沟,侯二小区,2室1厅,54平米,1550
20190522,西岗,侯家沟,学工街,2室1厅,64平米,1700
20190522,西岗,侯家沟,侯一小区,2室1厅,55平米,2400
20190522,西岗,侯家沟,合租·侯一小区,3居室,18平米,1250
20190522,西岗,侯家沟,侯一小区,2室1厅,51平米,1400
20190522,西岗,侯家沟,侯一小区,1室1厅,41平米,1400
20190522,西岗,侯家沟,侯一小区,1室1厅,44平米,1700
20190522,西岗,侯家沟,整租·侯一小区,2室2厅,139平米,3000
20190522,西岗,侯家沟,车家村,2室1厅,45平米,1400
20190522,西岗,侯家沟,香洲心城,2室1厅,61平米,3000
20190522,西岗,侯家沟,侯二小区,1室0厅,30平米,1500
20190522,西岗,侯家沟,侯二小区,3室1厅,64平米,3500
20190522,西岗,侯家沟,侯一小区,2室1厅,65平米,1600
20190522,西岗,侯家沟,侯一小区,2室1厅,53平米,2100
20190522,西岗,侯家沟,车家村,1室0厅,45平米,950
20190522,西岗,侯家沟,中铁十三局,2室1厅,60平米,1650
20190522,西岗,侯家沟,侯一小区,1室1厅,40平米,1000
20190522,西岗,侯家沟,侯二小区,1室1厅,41平米,1450
20190522,西岗,侯家沟,侯一小区,2室1厅,48平米,2400
20190522,西岗,侯家沟,侯二小区,2室1厅,58平米,1650
20190522,西岗,侯家沟,侯一小区,1室1厅,35平米,1700
20190522,西岗,侯家沟,学工街,2室1厅,49平米,1400
20190522,西岗,侯家沟,侯一小区,2室0厅,52平米,1500
20190522,西岗,侯家沟,侯一小区,2室1厅,56平米,1700
20190522,西岗,侯家沟,香洲心城,2室1厅,63平米,3300
20190522,西岗,侯家沟,侯一小区,2室1厅,53平米,1700
20190522,西岗,侯家沟,侯一小区,2室1厅,54平米,1700
20190522,西岗,侯家沟,新居佳园,1室1厅,50平米,2000
20190522,西岗,侯家沟,车家村,1室1厅,51平米,1300
20190522,西岗,侯家沟,华新苑,2室1厅,75平米,2800
20190522,西岗,侯家沟,整租·侯二小区,2室1厅,68平米,1850
20190522,西岗,侯家沟,香洲心城,3室1厅,140平米,5000
20190522,西岗,侯家沟,中铁十三局,2室1厅,60平米,2500
20190522,西岗,侯家沟,侯一小区,2室1厅,66平米,2600
20190522,西岗,侯家沟,车家村,1室1厅,70平米,2750
20190522,西岗,侯家沟,香茗苑,2室2厅,102平米,3400
20190522,西岗,侯家沟,香茗苑,2室2厅,106平米,3500
20190522,西岗,侯家沟,侯二小区,2室1厅,61平米,1900
20190522,西岗,侯家沟,侯一小区,2室1厅,70平米,1900
20190522,西岗,侯家沟,侯一小区,2室1厅,55平米,5100
20190522,西岗,侯家沟,学工街,1室1厅,38平米,1200
20190522,西岗,侯家沟,侯一小区,1室1厅,40平米,1300
20190522,西岗,侯家沟,车家村,1室0厅,33平米,1600
20190522,西岗,侯家沟,侯一小区,1室1厅,36平米,1450
20190522,西岗,侯家沟,侯二小区,2室1厅,65平米,2000
20190522,西岗,侯家沟,侯一小区,2室0厅,65平米,1700
20190522,西岗,侯家沟,侯二小区,2室1厅,66平米,1700
20190522,西岗,侯家沟,车家村,2室1厅,58平米,2200
20190522,西岗,侯家沟,侯二小区,1室1厅,36平米,1600
20190522,西岗,侯家沟,车家村,2室1厅,47平米,1700
20190522,西岗,侯家沟,侯二小区,1室1厅,50平米,2200
20190522,西岗,侯家沟,车家村,1室1厅,64平米,1700
20190522,西岗,侯家沟,侯一小区,2室1厅,56平米,1900
20190522,西岗,侯家沟,侯二小区,2室1厅,75平米,1750
20190522,西岗,侯家沟,新居佳园,1室1厅,54平米,2300
20190522,西岗,侯家沟,侯一小区,2室1厅,56平米,1900
20190522,西岗,侯家沟,中铁十三局,2室1厅,59平米,1800
20190522,西岗,侯家沟,侯一小区,2室0厅,45平米,1000
20190522,西岗,侯家沟,侯一小区,1室0厅,38平米,1300
20190522,西岗,侯家沟,侯一小区,1室1厅,37平米,1200
20190522,西岗,侯家沟,侯一小区,1室1厅,36平米,1000
20190522,西岗,侯家沟,侯二小区,2室1厅,46平米,1600
20190522,西岗,侯家沟,车家村,1室1厅,33平米,1500
20190522,西岗,侯家沟,侯二小区,1室1厅,262平米,10000
20190522,西岗,侯家沟,侯二小区,2室1厅,62平米,1800
20190522,西岗,侯家沟,侯二小区,1室1厅,45平米,1400
20190522,西岗,侯家沟,车家村,2室1厅,56平米,1800
20190522,西岗,侯家沟,侯二小区,2室1厅,60平米,1600
20190522,西岗,侯家沟,中铁十三局,3室0厅,84平米,2500
20190522,西岗,侯家沟,学工街,1室0厅,33平米,1200
20190522,西岗,侯家沟,车家村,2室0厅,40平米,1600
20190522,西岗,侯家沟,中铁十三局,2室1厅,55平米,1700
20190522,西岗,侯家沟,侯一小区,1室1厅,37平米,1000
20190522,西岗,侯家沟,侯一小区,2室0厅,47平米,3750
20190522,西岗,侯家沟,侯一小区,2室1厅,57平米,1600
20190522,西岗,侯家沟,车家村,2室0厅,42平米,1500
20190522,西岗,侯家沟,整租·车家村,2室1厅,40平米,4000
20190522,西岗,侯家沟,侯二小区,2室1厅,63平米,2300
20190522,西岗,侯家沟,侯一小区,1室0厅,30平米,1300
20190522,西岗,侯家沟,整租·侯二小区,2室0厅,40平米,1300
20190522,西岗,侯家沟,整租·车家村,1室1厅,30平米,1200
20190522,西岗,侯家沟,侯二小区,2室1厅,50平米,2000
20190522,西岗,侯家沟,车家村,1室1厅,44平米,2200
20190522,西岗,侯家沟,侯一小区,3室1厅,73平米,2300
20190522,西岗,侯家沟,车家村,1室1厅,40平米,1000
20190522,西岗,侯家沟,中铁十三局,2室1厅,55平米,1600
20190522,西岗,侯家沟,侯二小区,1室1厅,33平米,1400
20190522,西岗,侯家沟,侯一小区,1室1厅,47平米,1600
20190522,西岗,侯家沟,侯二小区,2室2厅,97平米,2300
20190522,西岗,侯家沟,侯一小区,2室1厅,78平米,4500
20190522,西岗,侯家沟,侯二小区,2室1厅,54平米,1650
20190522,西岗,侯家沟,侯二小区,1室1厅,41平米,1400
20190522,西岗,侯家沟,侯二小区,2室1厅,56平米,2200
20190522,西岗,侯家沟,侯二小区,2室1厅,58平米,1500
20190522,西岗,侯家沟,侯一小区,2室1厅,54平米,1500
20190522,西岗,侯家沟,侯二小区,2室1厅,60平米,1700
20190522,西岗,侯家沟,侯一小区,1室1厅,40平米,1300
20190522,西岗,侯家沟,车家村,1室0厅,30平米,1200
20190522,西岗,侯家沟,侯二小区,1室1厅,48平米,1450
20190522,西岗,侯家沟,侯一小区,2室1厅,61平米,1600
20190522,西岗,侯家沟,侯一小区,1室1厅,41平米,1600
20190522,西岗,侯家沟,车家村,1室0厅,32平米,1200
20190522,西岗,侯家沟,侯二小区,2室1厅,62平米,1800
20190522,西岗,侯家沟,侯二小区,2室1厅,49平米,1600
20190522,西岗,侯家沟,车家村,2室1厅,66平米,2200
20190522,西岗,侯家沟,车家村,2室0厅,43平米,1400
20190522,西岗,侯家沟,车家村,2室1厅,63平米,950
20190522,西岗,侯家沟,敦煌大厦,2室1厅,82平米,2000
20190522,西岗,侯家沟,侯一小区,2室2厅,75平米,4000
20190522,西岗,侯家沟,新居佳园,2室1厅,53平米,2300
20190522,西岗,侯家沟,车家村,3室1厅,64平米,2200
20190522,西岗,侯家沟,侯一小区,2室2厅,77平米,2000
20190522,西岗,侯家沟,中铁十三局,2室2厅,77平米,2200
20190522,西岗,侯家沟,车家村,2室1厅,40平米,1300
20190522,西岗,侯家沟,香洲心城,2室1厅,130平米,3600
20190522,西岗,侯家沟,新居佳园,1室1厅,51平米,2200
20190522,西岗,侯家沟,侯二小区,2室1厅,64平米,1600
20190522,西岗,侯家沟,侯二小区,2室1厅,70平米,1600
20190522,西岗,侯家沟,车家村,2室0厅,50平米,4200
20190522,西岗,侯家沟,侯二小区,2室0厅,48平米,1550
20190522,西岗,侯家沟,学工街,1室0厅,26平米,1000
20190522,西岗,侯家沟,侯一小区,1室1厅,46平米,1400
20190522,西岗,侯家沟,香洲心城,2室1厅,72平米,3200
20190522,西岗,侯家沟,侯二小区,1室0厅,30平米,1000
20190522,西岗,侯家沟,新居佳园,2室1厅,50平米,2500
20190522,西岗,侯家沟,新居佳园,2室1厅,60平米,2000
20190522,西岗,侯家沟,侯二小区,1室1厅,13平米,1000
20190522,西岗,侯家沟,侯一小区,1室1厅,36平米,1800
20190522,西岗,侯家沟,车家村,1室0厅,20平米,2100
20190522,西岗,侯家沟,香洲心城,2室2厅,95平米,3500
20190522,西岗,侯家沟,侯二小区,2室1厅,60平米,1600
20190522,西岗,侯家沟,侯一小区,3室1厅,85平米,2400
20190522,西岗,侯家沟,学工街,2室0厅,43平米,1200
20190522,西岗,侯家沟,侯二小区,1室1厅,50平米,1650
20190522,西岗,侯家沟,侯一小区,1室1厅,35平米,1350
20190522,西岗,侯家沟,车家村,2室1厅,55平米,1700
20190522,西岗,侯家沟,车家村,1室1厅,45平米,1800
20190522,西岗,侯家沟,侯一小区,2室0厅,53平米,1850
20190522,西岗,侯家沟,侯二小区,2室1厅,68平米,2000
20190522,西岗,侯家沟,侯二小区,2室0厅,39平米,1700
20190522,西岗,侯家沟,侯一小区,2室1厅,50平米,1700
20190522,西岗,侯家沟,侯二小区,2室1厅,62平米,1400
20190522,西岗,侯家沟,侯二小区,1室1厅,50平米,1400
20190522,西岗,侯家沟,侯一小区,1室1厅,40平米,1700
20190522,西岗,侯家沟,整租·车家村,2室0厅,50平米,1700
20190522,西岗,侯家沟,侯一小区,2室1厅,63平米,1550
20190522,西岗,侯家沟,侯二小区,1室1厅,39平米,2650
20190522,西岗,侯家沟,侯一小区,2室1厅,50平米,1800
20190522,西岗,侯家沟,侯二小区,1室1厅,42平米,1300
20190522,西岗,侯家沟,车家村,1室1厅,40平米,1500
20190522,西岗,侯家沟,侯一小区,1室1厅,50平米,1300
20190522,西岗,侯家沟,侯二小区,2室1厅,40平米,1700
20190522,西岗,侯家沟,车家村,2室1厅,51平米,2000
20190522,西岗,侯家沟,侯二小区,2室0厅,40平米,1750
20190522,西岗,侯家沟,侯二小区,1室1厅,46平米,1200
20190522,西岗,侯家沟,侯一小区,1室1厅,39平米,1300
20190522,西岗,侯家沟,侯二小区,2室1厅,50平米,1500
20190522,西岗,侯家沟,车家村,1室1厅,33平米,1750
20190522,西岗,侯家沟,侯一小区,1室1厅,41平米,1600
20190522,西岗,侯家沟,侯二小区,2室1厅,54平米,1800
20190522,西岗,侯家沟,侯一小区,2室1厅,58平米,1600
20190522,西岗,侯家沟,香茗苑,1室2厅,75平米,2300
20190522,西岗,侯家沟,车家村,2室0厅,47平米,2800
20190522,西岗,侯家沟,整租·车家村,1室1厅,33平米,1300
20190522,西岗,侯家沟,侯二小区,2室1厅,60平米,1500
20190522,西岗,侯家沟,车家村,2室1厅,57平米,1700
20190522,西岗,侯家沟,香洲心城,2室2厅,104平米,4000
20190522,西岗,侯家沟,侯二小区,2室1厅,62平米,1800
20190522,西岗,侯家沟,车家村,3室1厅,79平米,2400
20190522,西岗,侯家沟,侯二小区,1室1厅,160平米,12000
20190522,西岗,侯家沟,中铁十三局,3室2厅,104平米,2700
20190522,西岗,侯家沟,侯一小区,3室1厅,66平米,2600
20190522,西岗,侯家沟,侯一小区,2室1厅,61平米,3400
20190522,西岗,侯家沟,侯二小区,2室1厅,40平米,1700
20190522,西岗,侯家沟,侯一小区,2室1厅,56平米,2100
20190522,西岗,侯家沟,侯二小区,1室1厅,49平米,1400
20190522,西岗,侯家沟,柳馨家园,2室2厅,126平米,2700
20190522,西岗,侯家沟,柳馨家园,2室2厅,110平米,3500
20190522,西岗,侯家沟,侯一小区,2室2厅,96平米,3000
20190522,西岗,侯家沟,侯二小区,2室1厅,55平米,2100
20190522,西岗,侯家沟,侯二小区,3室1厅,82平米,4200
20190522,西岗,侯家沟,整租·学工街,1室1厅,45平米,1100
20190522,西岗,侯家沟,侯二小区,2室1厅,60平米,1800
20190522,西岗,侯家沟,整租·车家村,1室1厅,33平米,1200
20190522,西岗,侯家沟,车家村,2室0厅,56平米,1200
20190522,西岗,侯家沟,侯一小区,1室1厅,52平米,1700
20190522,西岗,侯家沟,侯二小区,1室1厅,52平米,1700
20190522,西岗,侯家沟,侯一小区,2室1厅,82平米,2400
20190522,西岗,侯家沟,侯二小区,1室1厅,46平米,1500
20190522,西岗,侯家沟,侯一小区,1室1厅,64平米,1600
20190522,西岗,侯家沟,侯一小区,1室1厅,47平米,1100
20190522,西岗,侯家沟,侯一小区,2室1厅,50平米,1500
20190522,西岗,侯家沟,车家村,1室1厅,38平米,1300
20190522,西岗,侯家沟,侯二小区,2室1厅,50平米,1500
20190522,西岗,侯家沟,侯一小区,1室1厅,50平米,1600
20190522,西岗,侯家沟,侯二小区,1室1厅,34平米,1500
20190522,西岗,侯家沟,侯二小区,1室1厅,42平米,1100
20190522,西岗,侯家沟,侯二小区,2室1厅,55平米,1800
20190522,西岗,侯家沟,侯一小区,2室1厅,59平米,1800
20190522,西岗,侯家沟,侯一小区,4室2厅,128平米,3800
20190522,西岗,侯家沟,侯二小区,1室1厅,39平米,1000
20190522,西岗,侯家沟,侯二小区,2室1厅,62平米,1650
20190522,西岗,侯家沟,侯一小区,2室1厅,59平米,1750
20190522,西岗,侯家沟,侯一小区,2室0厅,47平米,1100
20190522,西岗,侯家沟,侯一小区,1室0厅,12平米,1700
20190522,西岗,侯家沟,侯一小区,2室1厅,87平米,2000
20190522,西岗,侯家沟,侯一小区,2室1厅,62平米,4000
20190522,西岗,侯家沟,侯一小区,1室1厅,49平米,2200
20190522,西岗,侯家沟,侯一小区,1室1厅,38平米,1350
20190522,西岗,侯家沟,侯一小区,2室1厅,72平米,1800
20190522,西岗,侯家沟,侯一小区,2室1厅,50平米,1600
20190522,西岗,侯家沟,侯一小区,1室1厅,47平米,2300
20190522,西岗,侯家沟,侯一小区,1室1厅,44平米,2500
20190522,西岗,侯家沟,侯一小区,2室1厅,59平米,1500
20190522,西岗,侯家沟,侯一小区,1室1厅,40平米,1900
20190522,西岗,侯家沟,侯一小区,1室0厅,36平米,1000
20190522,西岗,侯家沟,侯二小区,1室1厅,29平米,1300
20190522,西岗,侯家沟,新居佳园,1室1厅,57平米,2400
20190522,西岗,侯家沟,侯一小区,2室1厅,60平米,1700
20190522,西岗,侯家沟,车家村,1室0厅,38平米,1200
20190522,西岗,侯家沟,侯一小区,2室1厅,50平米,2100
20190522,西岗,侯家沟,侯二小区,3室1厅,68平米,2100
20190522,西岗,八一路,长春街,4室1厅,205平米,4000
20190522,西岗,八一路,仲夏花园,3室2厅,204平米,4900
20190522,西岗,八一路,中华名城,3室2厅,163平米,7500
20190522,西岗,八一路,仲夏村,4室2厅,242平米,30000
20190522,西岗,八一路,桃花源小区,4室3厅,170平米,4000
20190522,西岗,八一路,中华名城,4室1厅,190平米,9166
20190522,西岗,八一路,杏环街,2室1厅,72平米,2000
20190522,西岗,八一路,名城国际公馆,3室1厅,120平米,6000
20190522,西岗,八一路,智勇东巷,2室2厅,77平米,1900
20190522,西岗,八一路,中华名城,3室1厅,130平米,6500
20190522,西岗,八一路,智勇东巷,3室1厅,72平米,1000
20190522,西岗,八一路,整租·长春街,3室2厅,102平米,4800
20190522,西岗,八一路,智勇东巷,1室1厅,40平米,1100
20190522,西岗,八一路,整租·付家庄街,2室1厅,56平米,2000
20190522,西岗,八一路,整租·桃花源小区,3室2厅,105平米,2500
20190522,西岗,八一路,华良海景花园,4室2厅,147平米,6500
20190522,西岗,八一路,整租·桃花源小区,1室1厅,51平米,1400
20190522,西岗,八一路,整租·青春街,3室2厅,89平米,2500
20190522,西岗,八一路,整租·桃花源小区,3室2厅,133平米,3000
20190522,西岗,八一路,安泰巷,3室0厅,69平米,2100
20190522,西岗,八一路,付家庄街,2室1厅,66平米,2200
20190522,西岗,八一路,桃源小学,3室1厅,86平米,2300
20190522,西岗,八一路,桃花源小区,2室2厅,85平米,2200
20190522,西岗,八一路,八一路（八一路商圈）,3室1厅,109平米,2500
20190522,西岗,八一路,长春街,2室2厅,141平米,3500
20190522,西岗,八一路,桃源小学,1室1厅,45平米,1300
20190522,西岗,八一路,杏红巷,4室1厅,101平米,2200
20190522,西岗,八一路,安泰巷,2室1厅,50平米,2500
20190522,西岗,八一路,整租·新云巷,2室1厅,60平米,1600
20190522,西岗,八一路,中华名城,3室2厅,166平米,7000
20190522,西岗,八一路,桃源小学,2室1厅,58平米,1800
20190522,西岗,八一路,安泰巷,3室1厅,92平米,3000
20190522,西岗,八一路,杏红巷,2室1厅,65平米,1450
20190522,西岗,八一路,整租·靠山巷,1室1厅,38平米,950
20190522,西岗,八一路,环山巷（八一路商圈）,2室0厅,50平米,1300
20190522,西岗,八一路,优秀巷,3室2厅,133平米,5000
20190522,西岗,八一路,亚细亚度假村,3室2厅,222平米,10000
20190522,西岗,八一路,民航大连疗养院,3室1厅,81平米,3500
20190522,西岗,八一路,整租·杏环街,2室1厅,62平米,1350
20190522,西岗,八一路,整租·八一路（八一路商圈）,1室1厅,45平米,1300
20190522,西岗,八一路,整租·新云巷,1室1厅,40平米,1260
20190522,西岗,八一路,整租·桃源小学,2室1厅,62平米,1850
20190522,西岗,八一路,桃源小学,2室1厅,54平米,1400
20190522,西岗,八一路,桃源小学,2室1厅,52平米,1450
20190522,西岗,八一路,整租·群英巷,3室1厅,97平米,1650
20190522,西岗,八一路,桃花源小区,2室1厅,81平米,2200
20190522,西岗,八一路,杏环街,2室2厅,60平米,1600
20190522,西岗,八一路,优秀巷,2室1厅,68平米,1650
20190522,西岗,八一路,桃花源小区,3室2厅,106平米,2800
20190522,西岗,八一路,付家庄街,2室1厅,52平米,1500
20190522,西岗,八一路,付家庄街,2室1厅,73平米,2300
20190522,西岗,八一路,智勇东巷,2室0厅,42平米,1100
20190522,西岗,八一路,桃源小学,2室0厅,47平米,1700
20190522,西岗,八一路,桃花源小区,2室2厅,95平米,3000
20190522,西岗,八一路,桃源小学,2室1厅,60平米,3000
20190522,西岗,八一路,三环街（八一路商圈）,1室1厅,42平米,2000
20190522,西岗,八一路,整租·根深巷,2室1厅,60平米,1900
20190522,西岗,八一路,靠山巷,2室1厅,45平米,1400
20190522,西岗,八一路,桃源小学,2室1厅,58平米,1800
20190522,西岗,八一路,整租·新环巷,2室0厅,50平米,1800
20190522,西岗,八一路,华良海景花园,3室2厅,150平米,7000
20190522,西岗,八一路,亚细亚度假村,2室1厅,98平米,4800
20190522,西岗,八一路,名城国际公馆,1室1厅,101平米,5000
20190522,西岗,八一路,智勇西二巷,2室1厅,74平米,1600
20190522,西岗,八一路,桃花源小区,2室2厅,140平米,3000
20190522,西岗,八一路,整租·智勇西巷,1室1厅,40平米,1200
20190522,西岗,八一路,付家庄街,1室0厅,36平米,1500
20190522,西岗,八一路,付家庄街,1室0厅,37平米,1200
20190522,西岗,八一路,整租·靠山中巷,2室1厅,60平米,2100
20190522,西岗,八一路,八一路（八一路商圈）,2室0厅,40平米,1500
20190522,西岗,八一路,桃源小学,3室0厅,82平米,2800
20190522,西岗,八一路,桃花源小区,2室2厅,56平米,1700
20190522,西岗,八一路,荣信巷,1室1厅,33平米,1300
20190522,西岗,八一路,桃源小学,2室1厅,52平米,1600
20190522,西岗,八一路,桃花源小区,2室1厅,94平米,2300
20190522,西岗,八一路,桃源小学,2室1厅,66平米,1750
20190522,西岗,八一路,智勇东巷,2室0厅,41平米,1500
20190522,西岗,八一路,整租·八一路（八一路商圈）,2室1厅,67平米,2000
20190522,西岗,八一路,整租·优秀巷,2室0厅,44平米,1350
20190522,西岗,八一路,整租·鸣鹤西巷,3室2厅,110平米,2600
20190522,西岗,八一路,桃源小学,2室0厅,56平米,2300
20190522,西岗,八一路,整租·环山巷（八一路商圈）,2室1厅,47平米,1800
20190522,西岗,八一路,靠山巷,3室1厅,60平米,2000
20190522,西岗,八一路,整租·青春街,3室1厅,70平米,2300
20190522,西岗,八一路,整租·荣信巷,2室1厅,60平米,2500
20190522,西岗,八一路,整租·仲夏花园,3室1厅,118平米,4000
20190522,西岗,八一路,整租·付家庄街,2室1厅,63平米,2000
20190522,西岗,八一路,整租·河沿巷,2室1厅,69平米,1700
20190522,西岗,八一路,整租·付家庄街,2室0厅,50平米,1500
20190522,西岗,八一路,杏红巷,2室1厅,71平米,2000
20190522,西岗,八一路,河沿巷,2室1厅,69平米,2200
20190522,西岗,八一路,桃源小学,2室2厅,90平米,2300
20190522,西岗,八一路,桃源小学,3室1厅,89平米,3300
20190522,西岗,八一路,晴明街,2室2厅,94平米,2800
20190522,西岗,八一路,青春街,2室1厅,55平米,1650
20190522,西岗,八一路,长春街,2室1厅,85平米,2600
20190522,西岗,八一路,杏环街,2室1厅,68平米,2300
20190522,西岗,八一路,靠山巷,2室2厅,78平米,2500
20190522,西岗,八一路,仲夏村,1室2厅,170平米,13000
20190522,西岗,八一路,桃花源小区,3室2厅,140平米,3000
20190522,西岗,八一路,华滨街（八一路）,2室1厅,70平米,2200
20190522,西岗,八一路,富家庄园,2室2厅,102平米,4000
20190522,西岗,八一路,整租·智勇东巷,2室1厅,42平米,1350
20190522,西岗,八一路,桃源小学,2室2厅,66平米,2600
20190522,西岗,八一路,安泰巷,1室1厅,39平米,1500
20190522,西岗,八一路,长春街,2室1厅,69平米,2300
20190522,西岗,八一路,靠山巷,1室1厅,38平米,1000
20190522,西岗,八一路,整租·桃源小学,1室1厅,39平米,1350
20190522,西岗,八一路,杏环街,2室1厅,67平米,2000
20190522,西岗,八一路,整租·三环街（八一路商圈）,1室1厅,44平米,1400
20190522,西岗,八一路,整租·青春街,1室1厅,56平米,2300
20190522,西岗,八一路,整租·智勇东巷,2室0厅,46平米,1200
20190522,西岗,八一路,整租·青春街,2室1厅,80平米,1800
20190522,西岗,八一路,整租·根深巷,1室1厅,35平米,1200
20190522,西岗,八一路,付家庄街,1室0厅,36平米,1400
20190522,西岗,八一路,整租·青春街,1室1厅,65平米,3000
20190522,西岗,八一路,整租·杏环街,3室1厅,77平米,2200
20190522,西岗,八一路,优秀巷,1室0厅,34平米,650
20190522,西岗,八一路,整租·八一路（八一路商圈）,2室1厅,47平米,1700
20190522,西岗,八一路,整租·智勇西巷,2室1厅,53平米,1200
20190522,西岗,八一路,靠山巷,2室1厅,45平米,1400
20190522,西岗,八一路,靠山巷,2室1厅,45平米,1750
20190522,西岗,八一路,整租·付家庄街,1室1厅,37平米,1500
20190522,西岗,八一路,中华名城,1室1厅,85平米,4800
20190522,西岗,八一路,河沿巷,1室1厅,52平米,1350
20190522,西岗,八一路,青春街,2室0厅,36平米,1200
20190522,西岗,八一路,付家庄街,1室1厅,38平米,1250
20190522,西岗,八一路,青春街,1室1厅,36平米,1300
20190522,西岗,八一路,滨海西路,1室1厅,46平米,1800
20190522,西岗,八一路,智勇西巷,2室1厅,60平米,1400
20190522,西岗,八一路,靠山巷,2室1厅,45平米,1350
20190522,西岗,八一路,整租·桃源小学,1室1厅,45平米,1300
20190522,西岗,八一路,华滨街（八一路）,1室1厅,37平米,1300
20190522,西岗,八一路,新环巷,1室1厅,48平米,1500
20190522,西岗,八一路,靠山巷,2室0厅,48平米,1300
20190522,西岗,八一路,杏环街,2室1厅,70平米,1700
20190522,西岗,八一路,整租·付家庄街,2室1厅,79平米,2000
20190522,西岗,八一路,整租·河沿巷,2室2厅,70平米,1900
20190522,西岗,八一路,桃源小学,2室1厅,55平米,1650
20190522,西岗,八一路,三环街（八一路商圈）,1室1厅,33平米,1600
20190522,西岗,八一路,青春二巷,2室1厅,76平米,2200
20190522,西岗,八一路,八一路（八一路商圈）,1室1厅,30平米,1200
20190522,西岗,八一路,桃源小学,2室1厅,56平米,2000
20190522,西岗,八一路,桃花源小区,2室1厅,63平米,1550
20190522,西岗,八一路,桃源小学,2室1厅,45平米,1700
20190522,西岗,八一路,名城国际公馆,1室1厅,102平米,7000
20190522,西岗,八一路,名城国际公馆,2室2厅,102平米,7000
20190522,西岗,八一路,华滨街（八一路）,2室1厅,60平米,1700
20190522,西岗,八一路,新环巷,2室1厅,53平米,1400
20190522,西岗,八一路,长春街,1室0厅,35平米,1800
20190522,西岗,八一路,新环巷,2室0厅,50平米,1400
20190522,西岗,八一路,整租·晴明街,1室1厅,45平米,1660
20190522,西岗,八一路,付家庄街,2室1厅,50平米,2000
20190522,西岗,八一路,八一路（八一路商圈）,2室1厅,54平米,1300
20190522,西岗,八一路,桃源小学,2室0厅,50平米,1700
20190522,西岗,八一路,盘山街,2室1厅,50平米,1700
20190522,西岗,八一路,八一路（八一路商圈）,1室1厅,37平米,1600
20190522,西岗,八一路,八一路（八一路商圈）,1室0厅,40平米,1350
20190522,西岗,八一路,付家庄街,1室0厅,31平米,1100
20190522,西岗,八一路,整租·杏环街,1室1厅,50平米,1300
20190522,西岗,八一路,八一路（八一路商圈）,2室0厅,54平米,1500
20190522,西岗,八一路,桃源小学,1室1厅,52平米,1900
20190522,西岗,八一路,八一路（八一路商圈）,1室0厅,30平米,1100
20190522,西岗,八一路,整租·河沿巷,2室1厅,60平米,1800
20190522,西岗,八一路,整租·桃源小学,2室1厅,66平米,2300
20190522,西岗,八一路,青春二巷,2室1厅,76平米,2200
20190522,西岗,八一路,民航大连疗养院,1室1厅,46平米,2300
20190522,西岗,八一路,桃源小学,3室1厅,110平米,2400
20190522,西岗,八一路,优秀巷,2室1厅,57平米,1800
20190522,西岗,八一路,整租·三环街（八一路商圈）,2室1厅,50平米,1600
20190522,西岗,八一路,三环街（八一路商圈）,2室1厅,58平米,2100
20190522,西岗,八一路,靠山中巷,2室1厅,56平米,1600
20190522,西岗,八一路,靠山巷,1室1厅,31平米,1400
20190522,西岗,八一路,富家庄园,3室2厅,159平米,6500
20190522,西岗,八一路,靠山巷,2室0厅,50平米,1400
20190522,西岗,八一路,桃花源小区,4室1厅,158平米,2500
20190522,西岗,八一路,华滨街（八一路）,2室1厅,61平米,2200
20190522,西岗,八一路,河沿巷,1室1厅,42平米,1500
20190522,西岗,八一路,桃花源小区,3室2厅,111平米,2600
20190522,西岗,八一路,富家庄园,1室2厅,55平米,3000
20190522,西岗,八一路,兴海屯,2室1厅,60平米,2000
20190522,西岗,八一路,杏环街,1室1厅,43平米,1400
20190522,西岗,八一路,杏环街,2室1厅,65平米,1500
20190522,西岗,八一路,长春街,1室1厅,34平米,1100
20190522,西岗,八一路,杏红巷,1室1厅,50平米,1000
20190522,西岗,八一路,八一路（八一路商圈）,2室1厅,48平米,1500
20190522,西岗,八一路,富家庄园,2室2厅,113平米,4600
20190522,西岗,八一路,青春街,1室1厅,35平米,1900
20190522,西岗,八一路,荣信巷,1室1厅,40平米,2000
20190522,西岗,八一路,桃源小学,2室1厅,64平米,1500
20190522,西岗,八一路,群英巷,2室1厅,30平米,1100
20190522,西岗,八一路,中华名城,2室2厅,140平米,4300
20190522,西岗,八一路,桃源小学,2室0厅,47平米,1400
20190522,西岗,八一路,靠山巷,2室1厅,45平米,1600
20190522,西岗,八一路,桃源小学,1室1厅,40平米,1800
20190522,西岗,八一路,智勇西巷,2室1厅,72平米,1800
20190522,西岗,八一路,智勇西二巷,2室1厅,49平米,1200
20190522,西岗,八一路,八一路（新起屯商圈）,1室1厅,48平米,1600
20190522,西岗,八一路,长春街,3室1厅,74平米,2200
20190522,西岗,八一路,华滨街（八一路）,3室1厅,80平米,3000
20190522,西岗,八一路,桃源小学,2室1厅,64平米,1650
20190522,西岗,八一路,靠山巷,1室1厅,33平米,1300
20190522,西岗,八一路,桃花源小区,2室1厅,60平米,1700
20190522,西岗,八一路,杏环街,1室1厅,50平米,1700
20190522,西岗,八一路,付家庄街,2室1厅,63平米,2200
20190522,西岗,八一路,整租·桃源小学,2室1厅,38平米,1500
20190522,西岗,八一路,桃源小学,2室1厅,50平米,1800
20190522,西岗,八一路,桃源小学,2室1厅,80平米,2700
20190522,西岗,八一路,八一路（八一路商圈）,1室1厅,46平米,1400
20190522,西岗,八一路,桃花源小区,2室2厅,115平米,3500
20190522,西岗,八一路,华滨街（八一路）,1室0厅,37平米,1000
20190522,西岗,八一路,中华名城,4室2厅,178平米,7500
20190522,西岗,八一路,杏环街,2室1厅,73平米,1699
20190522,西岗,八一路,名城国际公馆,2室2厅,96平米,4000
20190522,西岗,八一路,桃花源小区,3室2厅,109平米,2550
20190522,西岗,八一路,桃源小学,2室2厅,91平米,1800
20190522,西岗,八一路,桃源小学,2室1厅,65平米,2000
20190522,西岗,八一路,付家庄街,2室1厅,45平米,1300
20190522,西岗,八一路,青春三巷,2室1厅,78平米,1800
20190522,西岗,八一路,中华名城,3室2厅,178平米,7800
20190522,西岗,八一路,付家庄街,2室1厅,52平米,1500
20190522,西岗,八一路,桃花源小区,3室2厅,110平米,2550
20190522,西岗,八一路,桃花源小区,2室2厅,117平米,2700
20190522,西岗,八一路,滨海西路,2室1厅,50平米,1650
20190522,西岗,八一路,兴海屯,2室1厅,56平米,1500
20190522,西岗,八一路,荣信巷,2室1厅,52平米,1600
20190522,西岗,八一路,名城国际公馆,1室0厅,105平米,4800
20190522,西岗,八一路,八一路（新起屯商圈）,2室1厅,43平米,6600
20190522,西岗,八一路,名城国际公馆,1室1厅,101平米,5000
20190522,西岗,八一路,杏环街,1室1厅,44平米,1500
20190522,西岗,八一路,杏环街,2室1厅,65平米,1400
20190522,西岗,八一路,智勇西二巷,2室1厅,77平米,1700
20190522,西岗,八一路,星光家园,3室2厅,100平米,6000
20190522,西岗,八一路,民航大连疗养院,2室1厅,46平米,1800
20190522,西岗,八一路,名城国际公馆,2室2厅,96平米,5000
20190522,西岗,八一路,杏环街,2室1厅,62平米,1400
20190522,西岗,八一路,亚细亚度假村,2室2厅,96平米,5500
20190522,西岗,八一路,滨海西路,3室2厅,120平米,3500
20190522,西岗,石道街,同香山庄,3室2厅,130平米,4500
20190522,西岗,石道街,石松小区,2室1厅,56平米,1400
20190522,西岗,石道街,鹏程家园,4室2厅,119平米,3500
20190522,西岗,石道街,迎春二巷,5室1厅,145平米,4000
20190522,西岗,石道街,长春路（石道街商圈）,3室1厅,99平米,2500
20190522,西岗,石道街,西峰巷,1室1厅,46平米,1100
20190522,西岗,石道街,新闻巷,2室1厅,80平米,1800
20190522,西岗,石道街,天源山庄,2室1厅,85平米,2200
20190522,西岗,石道街,林茂小区,2室2厅,83平米,1800
20190522,西岗,石道街,曙光巷,2室0厅,42平米,1500
20190522,西岗,石道街,林茂小区,2室2厅,73平米,2400
20190522,西岗,石道街,亿达天琴山,1室1厅,52平米,2700
20190522,西岗,石道街,曙光巷,1室1厅,46平米,1500
20190522,西岗,石道街,天源山庄,2室1厅,122平米,3000
20190522,西岗,石道街,星火小区,2室1厅,51平米,1500
20190522,西岗,石道街,石葵路（石道街商圈）,2室1厅,47平米,1400
20190522,西岗,石道街,天源山庄,1室0厅,32平米,1200
20190522,西岗,石道街,林茂小区,1室1厅,33平米,1600
20190522,西岗,石道街,南石巷,1室0厅,30平米,750
20190522,西岗,石道街,整租·石峰街,2室1厅,50平米,1900
20190522,西岗,石道街,纪念街(石道街商圈),2室1厅,50平米,1500
20190522,西岗,石道街,西峰巷,2室1厅,53平米,1500
20190522,西岗,石道街,南石巷,1室0厅,26平米,900
20190522,西岗,石道街,纪念街(石道街商圈),2室0厅,55平米,1600
20190522,西岗,石道街,天源山庄,2室1厅,88平米,2400
20190522,西岗,石道街,长春路（石道街商圈）,2室1厅,60平米,1600
20190522,西岗,石道街,新城街（石道街商圈）,1室1厅,57平米,2000
20190522,西岗,石道街,石葵路（石道街商圈）,2室1厅,59平米,1500
20190522,西岗,石道街,星火小区,2室1厅,68平米,1600
20190522,西岗,石道街,石葵路（石道街商圈）,2室1厅,80平米,2000
20190522,西岗,石道街,东北路（石道街商圈）,2室1厅,49平米,1500
20190522,西岗,石道街,林茂小区,2室1厅,58平米,1500
20190522,西岗,石道街,曙光巷,1室1厅,40平米,1300
20190522,西岗,石道街,东北路（石道街商圈）,3室1厅,100平米,2300
20190522,西岗,石道街,林茂小区,2室1厅,75平米,1700
20190522,西岗,石道街,纪念街(石道街商圈),2室1厅,52平米,2000
20190522,西岗,石道街,新城街（石道街商圈）,2室0厅,57平米,1300
20190522,西岗,石道街,天源山庄,1室1厅,39平米,1500
20190522,西岗,石道街,曙光巷,2室0厅,50平米,1400
20190522,西岗,石道街,长春路（石道街商圈）,1室1厅,30平米,1350
20190522,西岗,石道街,石葵路（石道街商圈）,2室1厅,50平米,1500
20190522,西岗,石道街,同香山庄,2室1厅,99平米,3000
20190522,西岗,石道街,天源秀景,3室2厅,115平米,2500
20190522,西岗,石道街,新石道街,1室1厅,33平米,1500
20190522,西岗,石道街,石峰街,1室1厅,42平米,1400
20190522,西岗,石道街,星火小区,3室1厅,113平米,2200
20190522,西岗,石道街,石葵路（石道街商圈）,1室1厅,55平米,1300
20190522,西岗,石道街,长春路（石道街商圈）,1室0厅,30平米,1400
20190522,西岗,石道街,西麓街,2室1厅,97平米,2300
20190522,西岗,石道街,整租·南石巷,2室0厅,50平米,1300
20190522,西岗,石道街,曙光巷,1室1厅,31平米,1300
20190522,西岗,石道街,南石巷,2室0厅,45平米,1600
20190522,西岗,石道街,西麓街,2室1厅,51平米,1800
20190522,西岗,石道街,纪念街(石道街商圈),2室0厅,50平米,1400
20190522,西岗,石道街,长春路（石道街商圈）,1室0厅,32平米,1200
20190522,西岗,石道街,石葵路（石道街商圈）,2室1厅,60平米,1800
20190522,西岗,石道街,南石巷,2室1厅,57平米,1500
20190522,西岗,石道街,南石巷,1室0厅,32平米,1300
20190522,西岗,石道街,天源山庄,1室1厅,59平米,1300
20190522,西岗,石道街,新秀街（石道街商圈）,2室1厅,76平米,1900
20190522,西岗,石道街,石峰街,1室1厅,35平米,1300
20190522,西岗,石道街,南石巷,1室0厅,28平米,1200
20190522,西岗,石道街,石峰街,2室0厅,41平米,1650
20190522,西岗,石道街,纪念街(石道街商圈),1室1厅,32平米,1300
20190522,西岗,石道街,林茂小区,2室1厅,59平米,1300
20190522,西岗,石道街,长春路（石道街商圈）,2室1厅,69平米,1700
20190522,西岗,石道街,长春路（石道街商圈）,2室1厅,51平米,1500
20190522,西岗,石道街,星火小区,2室1厅,63平米,1500
20190522,西岗,石道街,曙光巷,1室1厅,37平米,1000
20190522,西岗,石道街,曙光巷,1室1厅,36平米,2000
20190522,西岗,石道街,石峰街,1室1厅,40平米,1000
20190522,西岗,石道街,石峰街,1室0厅,40平米,1500
20190522,西岗,石道街,石峰街,2室0厅,42平米,1200
20190522,西岗,石道街,纪念街(石道街商圈),2室1厅,45平米,1450
20190522,西岗,石道街,星火小区,2室1厅,73平米,1700
20190522,西岗,石道街,西麓街,1室0厅,30平米,1300
20190522,西岗,石道街,石葵路（石道街商圈）,2室1厅,65平米,1500
20190522,西岗,石道街,长春路（石道街商圈）,1室0厅,37平米,1500
20190522,西岗,石道街,林茂小区,2室1厅,60平米,1650
20190522,西岗,石道街,迎春二巷,2室1厅,51平米,1800
20190522,西岗,石道街,林茂小区,1室1厅,43平米,1350
20190522,西岗,石道街,石峰街,2室0厅,40平米,1800
20190522,西岗,石道街,新闻巷,2室0厅,65平米,1500
20190522,西岗,石道街,长春路（石道街商圈）,3室1厅,70平米,1800
20190522,西岗,石道街,曙光巷,2室1厅,48平米,1500
20190522,西岗,石道街,林茂小区,2室1厅,72平米,1900
20190522,西岗,石道街,南石巷,1室0厅,32平米,1350
20190522,西岗,石道街,长春路（石道街商圈）,1室1厅,53平米,1400
20190522,西岗,石道街,长春路（石道街商圈）,1室1厅,40平米,1350
20190522,西岗,石道街,长春路（石道街商圈）,2室1厅,56平米,1800
20190522,西岗,石道街,石道巷,1室0厅,34平米,1200
20190522,西岗,石道街,石峰街,1室0厅,34平米,1300
20190522,西岗,石道街,星火小区,2室1厅,56平米,1500
20190522,西岗,石道街,星火小区,2室1厅,91平米,1800
20190522,西岗,石道街,林茂小区,2室1厅,57平米,1400
20190522,西岗,石道街,石葵路（石道街商圈）,1室1厅,35平米,1400
20190522,西岗,石道街,林茂小区,2室1厅,55平米,1700
20190522,西岗,石道街,新石道街,1室1厅,33平米,1400
20190522,西岗,石道街,长春路（石道街商圈）,1室1厅,40平米,1200
20190522,西岗,石道街,曙光巷,2室1厅,50平米,1500
20190522,西岗,石道街,西麓街,2室1厅,50平米,1300
20190522,西岗,石道街,石葵路（石道街商圈）,2室0厅,48平米,1500
20190522,西岗,石道街,石峰街,2室1厅,46平米,1300
20190522,西岗,石道街,长春路（石道街商圈）,1室1厅,41平米,1300
20190522,西岗,石道街,丙寅巷,2室1厅,52平米,1350
20190522,西岗,石道街,林茂小区,2室0厅,50平米,1500
20190522,西岗,石道街,星火小区,2室0厅,51平米,1400
20190522,西岗,石道街,新城街（石道街商圈）,2室1厅,87平米,2300
20190522,西岗,石道街,曙光巷,2室1厅,43平米,1350
20190522,西岗,石道街,长春路（石道街商圈）,2室0厅,47平米,1900
20190522,西岗,石道街,石松小区,1室1厅,44平米,1100
20190522,西岗,石道街,亿达天琴山,4室2厅,200平米,4500
20190522,西岗,石道街,南石巷,1室0厅,35平米,1100
20190522,西岗,石道街,林茂小区,2室0厅,47平米,1200
20190522,西岗,石道街,石松小区,2室1厅,55平米,2000
20190522,西岗,石道街,长春路（石道街商圈）,1室1厅,51平米,1500
20190522,西岗,石道街,南石巷,1室1厅,31平米,1500
20190522,西岗,石道街,石葵路（石道街商圈）,2室1厅,70平米,1600
20190522,西岗,石道街,林茂小区,1室2厅,53平米,1600
20190522,西岗,石道街,新城街（石道街商圈）,2室1厅,74平米,2400
20190522,西岗,石道街,长春路（石道街商圈）,2室0厅,53平米,2000
20190522,西岗,石道街,星火小区,2室0厅,68平米,1800
20190522,西岗,石道街,石松小区,2室1厅,74平米,2000
20190522,西岗,石道街,林茂小区,1室1厅,42平米,1000
20190522,西岗,石道街,石峰街,2室1厅,64平米,1700
20190522,西岗,石道街,曙光巷,2室1厅,48平米,1500
20190522,西岗,石道街,纪念街(石道街商圈),2室1厅,49平米,1500
20190522,西岗,石道街,纪念街(石道街商圈),2室0厅,55平米,1500
20190522,西岗,石道街,南石巷,1室0厅,25平米,900
20190522,西岗,石道街,石葵路（石道街商圈）,1室1厅,40平米,1500
20190522,西岗,石道街,天源山庄,2室1厅,75平米,1800
20190522,西岗,石道街,亿达天琴山,1室1厅,52平米,2800
20190522,西岗,石道街,长春路（石道街商圈）,2室1厅,50平米,1600
20190522,西岗,石道街,林茂小区,1室1厅,40平米,1300
20190522,西岗,石道街,天源山庄,2室2厅,93平米,2600
20190522,西岗,石道街,长春路（石道街商圈）,1室0厅,33平米,1400
20190522,西岗,石道街,曙光巷,2室0厅,41平米,1200
20190522,西岗,石道街,林茂小区,2室1厅,57平米,1500
20190522,西岗,石道街,新石道街,1室1厅,32平米,1200
20190522,西岗,石道街,天源山庄,2室2厅,92平米,2000
20190522,西岗,石道街,石峰街,1室1厅,45平米,1300
20190522,西岗,石道街,南石巷,1室0厅,23平米,600
20190522,西岗,石道街,长春路（石道街商圈）,2室1厅,50平米,1600
20190522,西岗,石道街,东北路（石道街商圈）,1室0厅,38平米,1600
20190522,西岗,石道街,林茂小区,2室1厅,52平米,2200
20190522,西岗,石道街,石松小区,2室1厅,56平米,2000
20190522,西岗,石道街,石葵路（石道街商圈）,1室1厅,45平米,1500
20190522,西岗,石道街,新石道街,3室1厅,71平米,2050
20190522,西岗,石道街,曙光巷,2室0厅,41平米,1200
20190522,西岗,石道街,南石巷,1室0厅,25平米,900
20190522,西岗,石道街,石松小区,2室0厅,51平米,1400
20190522,西岗,石道街,亿达天琴山,3室2厅,138平米,5200
20190522,西岗,石道街,石峰街,2室1厅,54平米,1400
20190522,西岗,石道街,石葵路（石道街商圈）,2室1厅,49平米,1300
20190522,西岗,石道街,南石巷,1室0厅,35平米,3000
20190522,西岗,石道街,石峰街,2室1厅,51平米,1700
20190522,西岗,石道街,南石巷,1室0厅,25平米,1350
20190522,西岗,石道街,长春路（石道街商圈）,1室1厅,30平米,1100
20190522,西岗,石道街,西麓街,1室0厅,30平米,900
20190522,西岗,石道街,林茂小区,3室1厅,100平米,2600
20190522,西岗,石道街,新闻巷,1室2厅,80平米,2500
20190522,西岗,石道街,石葵路（石道街商圈）,2室1厅,47平米,1600
20190522,西岗,石道街,星火小区,2室1厅,56平米,1350
20190522,西岗,石道街,南石源居,2室2厅,91平米,3600
20190522,西岗,石道街,天源山庄,4室2厅,185平米,4800
20190522,西岗,石道街,西麓街,2室1厅,50平米,1600
20190522,西岗,石道街,林茂小区,1室1厅,37平米,1200
20190522,西岗,石道街,林茂小区,1室1厅,37平米,800
20190522,西岗,石道街,天源山庄,2室1厅,83平米,1800
20190522,西岗,石道街,林茂小区,2室2厅,83平米,2000
20190522,西岗,石道街,新石道街,2室1厅,80平米,1600
20190522,西岗,石道街,整租·星火小区,2室1厅,57平米,1000
20190522,西岗,石道街,长春路（石道街商圈）,2室1厅,53平米,2100
20190522,西岗,石道街,天源山庄,2室2厅,97平米,2200
20190522,西岗,石道街,天源山庄,2室1厅,101平米,2600
20190522,西岗,石道街,南石巷,2室1厅,53平米,1600
20190522,西岗,石道街,长春路（石道街商圈）,2室1厅,51平米,1650
20190522,西岗,石道街,长春路（石道街商圈）,1室1厅,30平米,1350
20190522,西岗,石道街,南石巷,1室0厅,30平米,850
20190522,西岗,石道街,长春路（石道街商圈）,2室1厅,39平米,1600
20190522,西岗,石道街,东北路（石道街商圈）,1室1厅,40平米,1400
20190522,西岗,石道街,迎春一巷,3室0厅,75平米,2300
20190522,西岗,石道街,石峰街,1室0厅,35平米,1300
20190522,西岗,石道街,西麓街,2室0厅,60平米,1600
20190522,西岗,石道街,长春路（石道街商圈）,2室1厅,53平米,1600
20190522,西岗,石道街,新石道街,1室1厅,52平米,1500
20190522,西岗,石道街,星火小区,2室0厅,53平米,1300
20190522,西岗,石道街,星火小区,2室1厅,57平米,1200
20190522,西岗,石道街,林茂小区,2室0厅,45平米,1300
20190522,西岗,石道街,桥东巷,2室1厅,55平米,1500
20190522,西岗,石道街,花园巷,2室1厅,55平米,1600
20190522,西岗,石道街,林茂小区,2室0厅,42平米,1400
20190522,西岗,石道街,曙光巷,2室1厅,50平米,1400
20190522,西岗,石道街,连桥巷,1室0厅,32平米,1000
20190522,西岗,石道街,石峰街,1室1厅,40平米,1500
20190522,西岗,石道街,南石巷,1室0厅,20平米,800
20190522,西岗,石道街,星火小区,2室1厅,73平米,1500
20190522,西岗,石道街,南石巷,1室1厅,30平米,1000
20190522,西岗,石道街,花园巷,2室0厅,50平米,1500
20190522,西岗,石道街,天源山庄,2室2厅,100平米,2600
20190522,西岗,石道街,整租·迎春四巷,2室2厅,106平米,2800
20190522,西岗,石道街,西麓街,1室0厅,30平米,1200
20190522,西岗,石道街,石葵路（石道街商圈）,2室1厅,55平米,1300
20190522,西岗,石道街,纪念街(石道街商圈),2室1厅,53平米,1500
20190522,西岗,石道街,石松小区,1室1厅,50平米,1600
20190522,西岗,石道街,亿达天琴山,3室1厅,132平米,5000
20190522,西岗,石道街,天源山庄缘中园,1室1厅,52平米,2100
20190522,西岗,石道街,新城街（石道街商圈）,3室0厅,72平米,2200
20190522,西岗,太原街,合租·建和巷,5居室,20平米,1400
20190522,西岗,太原街,合租·同泰街,4居室,15平米,1350
20190522,西岗,太原街,合租·商都花园,3居室,20平米,1050
20190522,西岗,太原街,合租·集贤街,3居室,15平米,850
20190522,西岗,太原街,合租·新华小区(西岗),3居室,16平米,950
20190522,西岗,太原街,合租·拥政街,4居室,30平米,1000
20190522,西岗,太原街,合租·五四小区,5居室,22平米,1100
20190522,西岗,太原街,合租·集贤街,3居室,18平米,950
20190522,西岗,太原街,合租·拥政街,4居室,18平米,1050
20190522,西岗,太原街,合租·五四小区,5居室,18平米,1000
20190522,西岗,太原街,合租·新华街,5居室,45平米,1250
20190522,西岗,太原街,合租·同泰街,4居室,18平米,1350
20190522,西岗,太原街,合租·拥政街,2居室,25平米,1250
20190522,西岗,太原街,合租·集贤街,3居室,17平米,850
20190522,西岗,太原街,合租·商都花园,4居室,28平米,1500
20190522,西岗,太原街,合租·连华街,2居室,18平米,1250
20190522,西岗,太原街,整租·拥政街,1室1厅,45平米,1250
20190522,西岗,太原街,合租·拥政街,4居室,25平米,1250
20190522,西岗,太原街,连华街,2室2厅,111平米,7100
20190522,西岗,太原街,教师大厦,3室1厅,90平米,3200
20190522,西岗,太原街,合租·成仁街,4居室,17平米,1100
20190522,西岗,太原街,合租·教师大厦,5居室,19平米,1000
20190522,西岗,太原街,五四路,2室2厅,129平米,4500
20190522,西岗,太原街,合租·建业街,5居室,17平米,950
20190522,西岗,太原街,合租·建和巷,5居室,20平米,1350
20190522,西岗,太原街,连华街,2室1厅,63平米,2400
20190522,西岗,太原街,星海融汇,2室1厅,86平米,3800
20190522,西岗,太原街,合租·商都花园,6居室,17平米,1100
20190522,西岗,太原街,星海融汇,2室2厅,80平米,4200
20190522,西岗,太原街,星海融汇,2室1厅,85平米,3800
20190522,西岗,太原街,合租·商都花园,6居室,18平米,900
20190522,西岗,太原街,星海融汇,3室1厅,109平米,2000
20190522,西岗,太原街,合租·拥政街,4居室,34平米,1100
20190522,西岗,太原街,星海融汇,2室1厅,85平米,3800
20190522,西岗,太原街,星海融汇,2室2厅,90平米,4300
20190522,西岗,太原街,合租·新华街,5居室,20平米,1100
20190522,西岗,太原街,亿达新世界,3室2厅,150平米,7500
20190522,西岗,太原街,合租·商都花园,4居室,19平米,1100
20190522,西岗,太原街,合租·建业街,5居室,10平米,700
20190522,西岗,太原街,合租·建和巷,5居室,20平米,1300
20190522,西岗,太原街,整租·华业玫瑰东方Ⅱ期,2室1厅,94平米,5500
20190522,西岗,太原街,合租·成仁街,4居室,19平米,900
20190522,西岗,太原街,合租·香都花园,4居室,19平米,950
20190522,西岗,太原街,世纪家园(西岗),4室2厅,157平米,6000
20190522,西岗,太原街,合租·拥政街,5居室,27平米,1050
20190522,西岗,太原街,胜利花园,3室2厅,188平米,6000
20190522,西岗,太原街,汇利嘉园,2室2厅,105平米,5500
20190522,西岗,太原街,合租·建和巷,5居室,23平米,1450
20190522,西岗,太原街,星海融汇,2室1厅,83平米,3600
20190522,西岗,太原街,合租·建业街,3居室,13平米,850
20190522,西岗,太原街,香都花园,3室2厅,115平米,5000
20190522,西岗,太原街,合租·新华街,5居室,18平米,900
20190522,西岗,太原街,中航国际广场,1室1厅,45平米,3500
20190522,西岗,太原街,中航国际广场,2室2厅,90平米,4500
20190522,西岗,太原街,合租·新华街,5居室,18平米,900
20190522,西岗,太原街,太原街,2室1厅,67平米,2200
20190522,西岗,太原街,整租·华业玫瑰东方Ⅱ期,2室1厅,94平米,5300
20190522,西岗,太原街,同泰街,2室1厅,72平米,2000
20190522,西岗,太原街,合租·香都花园,4居室,18平米,950
20190522,西岗,太原街,整租·华业玫瑰东方Ⅱ期,2室2厅,94平米,5500
20190522,西岗,太原街,合租·新华街,5居室,18平米,900
20190522,西岗,太原街,星海融汇,2室1厅,90平米,3900
20190522,西岗,太原街,新华街,2室1厅,80平米,3000
20190522,西岗,太原街,华业玫瑰东方Ⅱ期,2室1厅,94平米,5300
20190522,西岗,太原街,中山路（太原街商圈）,2室1厅,68平米,4800
20190522,西岗,太原街,合租·高尔基路,5居室,25平米,1300
20190522,西岗,太原街,太原街,2室1厅,70平米,1800
20190522,西岗,太原街,明阳花园小区,2室1厅,94平米,2000
20190522,西岗,太原街,合租·胜利花园,5居室,38平米,1300
20190522,西岗,太原街,合租·星海融汇,4居室,20平米,1350
20190522,西岗,太原街,星海融汇,2室2厅,95平米,4000
20190522,西岗,太原街,合租·高尔基路,5居室,20平米,1250
20190522,西岗,太原街,拥政街,3室2厅,147平米,4500
20190522,西岗,太原街,整租·新生巷,2室1厅,45平米,1500
20190522,西岗,太原街,亿达新世界,3室2厅,203平米,10000
20190522,西岗,太原街,世纪家园(西岗),5室2厅,170平米,9000
20190522,西岗,太原街,教师大厦,3室2厅,106平米,4200
20190522,西岗,太原街,整租·美丽巷,2室1厅,70平米,2300
20190522,西岗,太原街,整租·拥政街,3室1厅,80平米,2600
20190522,西岗,太原街,合租·三星公寓,5居室,16平米,1450
20190522,西岗,太原街,合租·成仁街,3居室,15平米,1550
20190522,西岗,太原街,合租·胜利花园,5居室,14平米,1400
20190522,西岗,太原街,整租·华业玫瑰东方Ⅱ期,1室2厅,90平米,5500
20190522,西岗,太原街,整租·同泰街,2室1厅,90平米,2600
20190522,西岗,太原街,整租·太原街,2室1厅,55平米,1700
20190522,西岗,太原街,整租·新生巷,1室1厅,30平米,1000
20190522,西岗,太原街,整租·美丽巷,1室1厅,42平米,1500
20190522,西岗,太原街,合租·星海融汇,3居室,23平米,1100
20190522,西岗,太原街,整租·连华街,2室1厅,70平米,1700
20190522,西岗,太原街,21中建民巷,2室2厅,72平米,2000
20190522,西岗,太原街,整租·君临白山小区,2室1厅,118平米,4100
20190522,西岗,太原街,连华街,2室1厅,75平米,1700
20190522,西岗,太原街,整租·君临白山小区,2室1厅,118平米,4100
20190522,西岗,太原街,星海融汇,2室1厅,80平米,3500
20190522,西岗,太原街,太原街,2室0厅,57平米,1700
20190522,西岗,太原街,华邦上都,2室1厅,87平米,4000
20190522,西岗,太原街,星海融汇,2室1厅,95平米,4000
20190522,西岗,太原街,连胜街,2室1厅,48平米,1600
20190522,西岗,太原街,胜利花园,4室2厅,191平米,6000
20190522,西岗,太原街,胜利花园,4室1厅,157平米,5500
20190522,西岗,太原街,中航国际广场,3室2厅,168平米,5000
20190522,西岗,太原街,星海融汇,3室1厅,110平米,4600
20190522,西岗,太原街,星海融汇,2室1厅,90平米,2800
20190522,西岗,太原街,新华街,2室1厅,91平米,3200
20190522,西岗,太原街,华都文郡,1室0厅,45平米,2800
20190522,西岗,太原街,连胜街,1室0厅,35平米,1600
20190522,西岗,太原街,动力街区,1室1厅,198平米,14000
20190522,西岗,太原街,华都文郡,1室1厅,50平米,2700
20190522,西岗,太原街,华都文郡,1室1厅,36平米,2200
20190522,西岗,太原街,新华街,2室1厅,96平米,2800
20190522,西岗,太原街,五四路,2室0厅,41平米,2300
20190522,西岗,太原街,教师大厦,2室1厅,74平米,3200
20190522,西岗,太原街,连华街,2室1厅,68平米,2200
20190522,西岗,太原街,高尔基路,2室2厅,120平米,3200
20190522,西岗,太原街,华业玫瑰东方Ⅱ期,2室1厅,70平米,4200
20190522,西岗,太原街,集贤南一街,1室1厅,43平米,1500
20190522,西岗,太原街,集贤北街,2室1厅,60平米,1600
20190522,西岗,太原街,美丽巷,2室0厅,40平米,1900
20190522,西岗,太原街,整租·中航国际广场,3室1厅,144平米,6000
20190522,西岗,太原街,集贤街,3室1厅,88平米,3200
20190522,西岗,太原街,整租·亿达新世界,3室2厅,203平米,12000
20190522,西岗,太原街,太原街,2室1厅,60平米,1900
20190522,西岗,太原街,华都文郡,1室0厅,35平米,2300
20190522,西岗,太原街,连华街,2室1厅,64平米,2100
20190522,西岗,太原街,华业玫瑰东方Ⅱ期,2室1厅,70平米,4500
20190522,西岗,太原街,三星公寓,3室2厅,127平米,5800
20190522,西岗,太原街,胜利花园,3室2厅,185平米,9500
20190522,西岗,太原街,集贤北街,1室1厅,42平米,2200
20190522,西岗,太原街,动力街区,1室1厅,198平米,13333
20190522,西岗,太原街,华都文郡,1室1厅,34平米,2200
20190522,西岗,太原街,华都文郡,1室1厅,36平米,2400
20190522,西岗,太原街,整租·星海融汇,2室2厅,101平米,4400
20190522,西岗,太原街,华都文郡,1室0厅,35平米,2300
20190522,西岗,太原街,建和巷,3室1厅,144平米,4500
20190522,西岗,太原街,新华街,3室2厅,129平米,3500
20190522,西岗,太原街,同泰花园,3室2厅,199平米,10000
20190522,西岗,太原街,星海融汇,2室1厅,78平米,3800
20190522,西岗,太原街,汇利嘉园,1室1厅,58平米,3700
20190522,西岗,太原街,华都文郡,1室0厅,30平米,2200
20190522,西岗,太原街,华都文郡,1室0厅,33平米,2300
20190522,西岗,太原街,汇利嘉园,2室1厅,108平米,5000
20190522,西岗,太原街,集贤南二街,2室1厅,50平米,1600
20190522,西岗,太原街,建兴花园小区,2室2厅,100平米,3000
20190522,西岗,太原街,联合路,3室1厅,85平米,3000
20190522,西岗,太原街,美春巷,2室0厅,46平米,2200
20190522,西岗,太原街,中航国际广场,2室2厅,90平米,5000
20190522,西岗,太原街,成仁街,2室0厅,50平米,1650
20190522,西岗,太原街,中航国际广场,2室2厅,90平米,5000
20190522,西岗,太原街,整租·华业玫瑰东方Ⅱ期,2室1厅,70平米,3800
20190522,西岗,太原街,华都文郡,1室0厅,39平米,2300
20190522,西岗,太原街,星海融汇,2室2厅,94平米,4200
20190522,西岗,太原街,华都文郡,1室1厅,76平米,3300
20190522,西岗,太原街,星海融汇,2室2厅,95平米,4000
20190522,西岗,太原街,整租·教师大厦,3室1厅,102平米,4800
20190522,西岗,太原街,整租·高尔基路,2室2厅,80平米,2400
20190522,西岗,太原街,三星公寓,1室1厅,89平米,3200
20190522,西岗,太原街,21中同泰街,2室2厅,125平米,4000
20190522,西岗,太原街,华都文郡,2室2厅,101平米,4500
20190522,西岗,太原街,联合路,2室2厅,100平米,2800
20190522,西岗,太原街,五四小区,3室2厅,156平米,4200
20190522,西岗,太原街,迎春街（沙河口区）,3室0厅,74平米,2500
20190522,西岗,太原街,亿达新世界,3室2厅,217平米,9000
20190522,西岗,太原街,拥民巷,2室2厅,106平米,3200
20190522,西岗,太原街,胜利花园,3室1厅,140平米,5000
20190522,西岗,太原街,胜利花园,3室1厅,117平米,3650
20190522,西岗,太原街,星海融汇,3室1厅,127平米,3000
20190522,西岗,太原街,华都文郡,2室1厅,78平米,3800
20190522,西岗,太原街,星海融汇,4室1厅,148平米,6000
20190522,西岗,太原街,整租·星海融汇,2室2厅,86平米,3800
20190522,西岗,太原街,成仁街,3室2厅,115平米,3200
20190522,西岗,太原街,汇利嘉园,1室1厅,60平米,3000
20190522,西岗,太原街,集贤北街,1室1厅,39平米,1900
20190522,西岗,太原街,华都文郡,1室0厅,38平米,2200
20190522,西岗,太原街,中航国际广场,2室2厅,89平米,6500
20190522,西岗,太原街,五四路,2室1厅,160平米,4000
20190522,西岗,太原街,建业街,3室1厅,83平米,3200
20190522,西岗,太原街,华业玫瑰东方Ⅱ期,3室2厅,112平米,5800
20190522,西岗,太原街,亿达新世界,3室2厅,150平米,8000
20190522,西岗,太原街,星海商城,3室2厅,127平米,8333
20190522,西岗,太原街,五四路,2室2厅,90平米,2800
20190522,西岗,太原街,胜利花园,2室2厅,120平米,4500
20190522,西岗,太原街,胜利花园,4室2厅,157平米,6000
20190522,西岗,太原街,明阳花园小区,2室2厅,99平米,3000
20190522,西岗,太原街,汇利嘉园,2室2厅,115平米,6000
20190522,西岗,太原街,建和巷,3室2厅,86平米,3500
20190522,西岗,太原街,星海融汇,2室2厅,86平米,3600
20190522,西岗,太原街,五四小区,3室2厅,103平米,3300
20190522,西岗,太原街,连华街,1室2厅,80平米,2500
20190522,西岗,太原街,明阳花园小区,2室2厅,130平米,3200
20190522,西岗,太原街,太原街,2室0厅,70平米,2300
20190522,西岗,太原街,世纪家园(西岗),2室2厅,87平米,3000
20190522,西岗,太原街,华都文郡,2室1厅,80平米,3800
20190522,西岗,太原街,华都文郡,1室0厅,45平米,2500
20190522,西岗,太原街,中航国际广场,2室2厅,90平米,4900
20190522,西岗,太原街,同泰公馆,2室2厅,105平米,5500
20190522,西岗,太原街,华业玫瑰东方Ⅱ期,2室1厅,69平米,4000
20190522,西岗,太原街,高尔基路,3室2厅,138平米,3800
20190522,西岗,太原街,星海融汇,2室2厅,86平米,3600
20190522,西岗,太原街,君临白山小区,2室2厅,113平米,5500
20190522,西岗,太原街,同泰街,3室1厅,94平米,3300
20190522,西岗,太原街,集贤街,2室0厅,35平米,4600
20190522,西岗,太原街,整租·华业玫瑰东方Ⅱ期,2室1厅,94平米,5200
20190522,西岗,太原街,整租·华都文郡,1室1厅,37平米,2300
20190522,西岗,太原街,星海商城,1室0厅,54平米,3000
20190522,西岗,太原街,华邦上都,1室1厅,60平米,3000
20190522,西岗,太原街,华都文郡,1室0厅,35平米,2200
20190522,西岗,太原街,星海融汇,1室1厅,69平米,3400
20190522,西岗,太原街,新华公寓,2室1厅,230平米,10000
20190522,西岗,太原街,中航国际广场,2室2厅,91平米,5000
20190522,西岗,太原街,中航国际广场,1室1厅,37平米,2800
20190522,西岗,太原街,教师大厦,1室0厅,41平米,2100
20190522,西岗,太原街,星海商城,1室0厅,56平米,3000
20190522,西岗,太原街,集贤南一街,2室0厅,43平米,1900
20190522,西岗,太原街,新华街,2室1厅,86平米,3700
20190522,西岗,太原街,教师大厦,2室1厅,65平米,3200
20190522,西岗,太原街,同泰街,2室1厅,65平米,2500
20190522,西岗,太原街,华都文郡,1室0厅,40平米,2150
20190522,西岗,太原街,整租·华业玫瑰东方Ⅱ期,2室1厅,68平米,4200
20190522,西岗,太原街,三星公寓,2室1厅,106平米,3500
20190522,西岗,太原街,整租·华业玫瑰东方Ⅱ期,1室0厅,46平米,3500
20190522,西岗,太原街,新华小区(西岗),1室1厅,63平米,2500
20190522,西岗,太原街,同泰街,1室1厅,63平米,3000
20190522,西岗,太原街,整租·星海融汇,2室1厅,81平米,4100
20190522,西岗,太原街,建兴花园小区,6室2厅,330平米,12000
20190522,西岗,太原街,21中同泰街,3室0厅,77平米,2500
20190522,西岗,太原街,华都文郡,2室1厅,80平米,3600
20190522,西岗,太原街,新华小区(西岗),2室2厅,87平米,3300
20190522,西岗,太原街,华都文郡,2室1厅,66平米,3500
20190522,西岗,太原街,星海融汇,2室1厅,80平米,3600
20190522,西岗,太原街,胜利花园,2室1厅,101平米,3300
20190522,西岗,太原街,连华街,1室1厅,43平米,1700
20190522,西岗,太原街,集贤南一街,2室1厅,55平米,2000
20190522,西岗,太原街,成仁街,3室1厅,77平米,2300
20190522,西岗,太原街,华都文郡,2室1厅,78平米,3500
20190522,西岗,太原街,华邦上都,2室1厅,85平米,3500
20190522,西岗,太原街,汇利嘉园,2室1厅,106平米,5500
20190522,西岗,太原街,美丽巷,2室1厅,66平米,2700
20190522,西岗,太原街,华都文郡,2室1厅,86平米,3500
20190522,西岗,太原街,星海融汇,2室1厅,74平米,3600
20190522,西岗,太原街,华邦上都,1室1厅,58平米,3300
20190522,西岗,太原街,中山路（太原街商圈）,2室0厅,55平米,2500
20190522,西岗,太原街,成仁街,2室1厅,70平米,2300
20190522,西岗,太原街,整租·华都文郡,1室0厅,38平米,2400
20190522,西岗,太原街,集贤南一街,1室1厅,40平米,1950
20190522,西岗,太原街,中航国际广场,1室0厅,39平米,2800
20190522,西岗,太原街,拥政街,3室2厅,98平米,3100
20190522,西岗,太原街,连华街,2室0厅,50平米,2400
20190522,西岗,太原街,星海商城,2室1厅,128平米,8000
20190522,西岗,太原街,成仁街,3室0厅,90平米,2700
20190522,西岗,太原街,新华小区(西岗),1室1厅,70平米,2800
20190522,西岗,太原街,华业玫瑰东方Ⅱ期,2室1厅,90平米,5300
20190522,西岗,太原街,华都文郡,2室1厅,70平米,3600
20190522,西岗,太原街,迎春街（沙河口区）,2室1厅,75平米,2300
20190522,西岗,太原街,华都文郡,2室1厅,68平米,3800
20190522,西岗,太原街,美丽巷,2室0厅,53平米,1900
20190522,西岗,太原街,华都文郡,1室1厅,52平米,2600
20190522,西岗,太原街,华邦上都,2室1厅,228平米,17000
20190522,西岗,太原街,星海商城,1室1厅,54平米,3500
20190522,西岗,太原街,五一路,（太原街商圈）,56平米,2400
20190522,西岗,太原街,华都文郡,1室0厅,31平米,2000
20190522,西岗,太原街,三星公寓,2室1厅,113平米,3500
20190522,西岗,太原街,集贤南一街,2室1厅,62平米,3000
20190522,西岗,太原街,集贤街,3室0厅,60平米,2100
20190522,西岗,太原街,中航国际广场,1室1厅,63平米,4300
20190522,西岗,太原街,世纪家园(西岗),2室1厅,104平米,5500
20190522,西岗,太原街,华都文郡,2室1厅,67平米,3400
20190522,西岗,太原街,中航国际广场,1室0厅,36平米,3000
20190522,西岗,太原街,君临白山小区,2室1厅,118平米,4200
20190522,西岗,太原街,新华街,2室1厅,56平米,1500
20190522,西岗,太原街,星海融汇,3室1厅,95平米,4500
20190522,西岗,太原街,集贤街,3室0厅,56平米,2400
20190522,西岗,太原街,新华街,1室0厅,45平米,3000
20190522,西岗,太原街,新生巷,1室0厅,25平米,800
20190522,西岗,太原街,太原街,2室1厅,67平米,2500
20190522,西岗,太原街,华都文郡,1室1厅,50平米,2600
20190522,西岗,太原街,整租·香都花园,3室2厅,115平米,5000
20190522,西岗,太原街,新华街,1室0厅,30平米,2000
20190522,西岗,太原街,建和巷,3室2厅,144平米,4200
20190522,西岗,太原街,华都文郡,1室0厅,35平米,2300
20190522,西岗,太原街,亿达新世界,4室2厅,219平米,13000
20190522,西岗,太原街,新华街,3室1厅,72平米,2000
20190522,西岗,太原街,亿达新世界,4室2厅,219平米,13800
20190522,西岗,太原街,星海融汇,2室1厅,79平米,4000
20190522,西岗,太原街,同泰街,2室1厅,103平米,4500
20190522,西岗,太原街,成仁街,2室0厅,45平米,1500
20190522,西岗,太原街,星海商城,1室1厅,51平米,3600
20190522,西岗,太原街,星海商城,1室1厅,54平米,3500
20190522,西岗,太原街,集贤南一街,1室0厅,15平米,1666
20190522,西岗,太原街,星海商城,2室2厅,128平米,7100
20190522,西岗,太原街,星海商城,1室0厅,46平米,2600
20190522,西岗,太原街,胜利花园,3室2厅,140平米,5700
20190522,西岗,太原街,连华街,2室1厅,76平米,2700
20190522,西岗,太原街,亿达新世界,3室2厅,148平米,8000
20190522,西岗,太原街,华业玫瑰东方Ⅱ期,3室1厅,95平米,5200
20190522,西岗,太原街,星海商城,1室1厅,62平米,3400
20190522,西岗,太原街,五一路,（太原街商圈）,55平米,1700
20190522,西岗,太原街,整租·胜利花园,3室2厅,194平米,11000
20190522,西岗,太原街,拥政街,2室1厅,76平米,2500
20190522,西岗,太原街,连华街,1室0厅,32平米,1650
20190522,西岗,太原街,同泰街,3室1厅,89平米,3000
20190522,西岗,太原街,星海融汇,5室2厅,241平米,8000
20190522,西岗,太原街,星海商城,2室1厅,128平米,7083
20190522,西岗,太原街,三星公寓,2室1厅,81平米,4000
20190522,西岗,太原街,星海融汇,2室1厅,91平米,2500
20190522,西岗,太原街,华邦上都,2室1厅,228平米,14000
20190522,西岗,太原街,君临白山小区,2室1厅,117平米,3800
20190522,西岗,太原街,成仁街,2室1厅,56平米,2500
20190522,西岗,太原街,五四路,1室1厅,50平米,1700
20190522,西岗,太原街,五四路,1室1厅,40平米,1700
20190522,西岗,太原街,太原街,1室0厅,41平米,1200
20190522,西岗,太原街,华都文郡,1室0厅,36平米,2200
20190522,西岗,太原街,五四路,3室2厅,125平米,4500
20190522,西岗,太原街,胜利花园,2室1厅,75平米,3300
20190522,西岗,太原街,明阳花园小区,3室1厅,79平米,2500
20190522,西岗,太原街,中航国际广场,1室1厅,64平米,3800
20190522,西岗,太原街,集贤南一街,3室0厅,77平米,2700
20190522,西岗,太原街,连华街,2室1厅,80平米,2500
20190522,西岗,太原街,五四小区,2室1厅,93平米,3300
20190522,西岗,太原街,教师大厦,2室2厅,85平米,3500
20190522,西岗,太原街,明阳花园小区,3室2厅,141平米,4000
20190522,西岗,太原街,星海融汇,2室1厅,70平米,3300
20190522,西岗,太原街,星海融汇,1室1厅,70平米,3500
20190522,西岗,太原街,华都文郡,1室0厅,35平米,2250
20190522,西岗,太原街,新华小区(西岗),2室2厅,81平米,3500
20190522,西岗,太原街,亿达新世界,5室2厅,289平米,12500
20190522,西岗,太原街,同泰街,3室1厅,92平米,3000
20190522,西岗,太原街,星海融汇,2室1厅,80平米,3600
20190522,西岗,太原街,明阳花园小区,3室1厅,99平米,3000
20190522,西岗,太原街,新华小区(西岗),2室1厅,85平米,3000
20190522,西岗,太原街,高尔基路,2室0厅,40平米,1600
20190522,西岗,太原街,连华街,1室1厅,36平米,1700
20190522,西岗,太原街,君临白山小区,2室2厅,113平米,5000
20190522,西岗,太原街,集贤南一街,2室1厅,54平米,1700
20190522,西岗,太原街,星海商城,1室1厅,51平米,3600
20190522,西岗,太原街,五四小区,2室2厅,120平米,4200
20190522,西岗,太原街,华业玫瑰东方Ⅱ期,2室1厅,97平米,5800
20190522,西岗,太原街,连华街,1室1厅,37平米,1800
20190522,西岗,太原街,新生巷,1室0厅,37平米,1500
20190522,西岗,太原街,新华小区(西岗),2室1厅,80平米,3000
20190522,西岗,太原街,新生巷,1室1厅,40平米,1400
20190522,西岗,太原街,中航国际广场,1室0厅,39平米,3000
20190522,西岗,太原街,中山路（太原街商圈）,2室1厅,56平米,2500
20190522,西岗,太原街,华都文郡,1室0厅,34平米,2300
20190522,西岗,太原街,集贤街,2室0厅,2560平米,268000
20190522,西岗,太原街,星海商城,1室1厅,54平米,4000
20190522,西岗,太原街,整租·中航国际广场,1室0厅,37平米,2600
20190522,西岗,太原街,五四小区,3室2厅,156平米,4000
20190522,西岗,太原街,星海融汇,5室2厅,240平米,8500
20190522,西岗,太原街,集贤南一街,1室1厅,55平米,2600
20190522,西岗,太原街,集贤南一街,3室0厅,60平米,1900
20190522,西岗,太原街,整租·中航国际广场,2室1厅,90平米,5400
20190522,西岗,太原街,高尔基路,2室1厅,85平米,2800
20190522,西岗,太原街,中航国际广场,2室1厅,93平米,3500
20190522,西岗,太原街,整租·华业玫瑰东方Ⅱ期,2室1厅,46平米,3800
20190522,西岗,太原街,新华公寓,4室2厅,189平米,5500
20190522,西岗,太原街,胜利花园,3室1厅,116平米,3800
20190522,西岗,太原街,集贤北街,2室1厅,63平米,1800
20190522,西岗,太原街,胜利花园,3室2厅,180平米,7200
20190522,西岗,太原街,整租·新华街,3室1厅,103平米,3800
20190522,西岗,太原街,华邦上都,2室1厅,660平米,60000
20190522,西岗,太原街,华都文郡,1室0厅,42平米,2400
20190522,西岗,太原街,同泰公馆,3室2厅,160平米,6500
20190522,西岗,太原街,星海融汇,3室1厅,112平米,4400
20190522,西岗,太原街,胜利花园,3室2厅,156平米,5800
20190522,西岗,太原街,星海融汇,2室1厅,80平米,3300
20190522,西岗,太原街,华邦上都,7室2厅,624平米,65000
20190522,西岗,太原街,华都文郡,2室2厅,83平米,3600
20190522,西岗,太原街,建兴花园小区,3室2厅,143平米,4200
20190522,西岗,太原街,三星公寓,1室1厅,83平米,3200
20190522,西岗,太原街,汇利嘉园,3室1厅,130平米,11666
20190522,西岗,太原街,拥民巷,2室1厅,105平米,3000
20190522,西岗,太原街,胜利花园,3室2厅,195平米,7800
20190522,西岗,太原街,胜利花园,3室2厅,194平米,7000
20190522,西岗,太原街,商都花园,2室1厅,79平米,3200
20190522,西岗,太原街,亿达新世界,3室2厅,149平米,8000
20190522,西岗,太原街,连华街,1室1厅,42平米,2300
20190522,西岗,太原街,集贤北街,1室1厅,45平米,1600
20190522,西岗,太原街,集贤南一街,3室1厅,80平米,2600
20190522,西岗,太原街,同泰花园,2室2厅,120平米,5000
20190522,西岗,太原街,拥政街,3室1厅,90平米,5000
20190522,西岗,太原街,教师大厦,2室1厅,70平米,2700
20190522,西岗,太原街,华都文郡,2室1厅,72平米,3500
20190522,西岗,太原街,拥政街,3室1厅,90平米,5300
20190522,西岗,春柳,刘家桥,3室0厅,85平米,2000
20190522,西岗,春柳,福居家园,3室2厅,113平米,3300
20190522,西岗,春柳,柳华街,1室1厅,35平米,1300
20190522,西岗,春柳,整租·春柳街,1室1厅,37平米,1300
20190522,西岗,春柳,春柳街,1室1厅,29平米,1400
20190522,西岗,春柳,西南路（春柳商圈）,3室2厅,115平米,3200
20190522,西岗,春柳,凌山五街,2室1厅,47平米,1500
20190522,西岗,春柳,春柳公园,3室2厅,107平米,4000
20190522,西岗,春柳,春柳公园,3室2厅,116平米,4900
20190522,西岗,春柳,刘家桥,2室0厅,54平米,1600
20190522,西岗,春柳,刘家桥,3室1厅,90平米,1900
20190522,西岗,春柳,刘家桥,2室1厅,52平米,1500
20190522,西岗,春柳,凌山二街,2室0厅,56平米,1300
20190522,西岗,春柳,福居家园,2室2厅,88平米,2900
20190522,西岗,春柳,李家街,2室1厅,54平米,2000
20190522,西岗,春柳,春晖巷,2室0厅,48平米,1400
20190522,西岗,春柳,西南路（春柳商圈）,3室2厅,126平米,4500
20190522,西岗,春柳,春柳公园,3室2厅,108平米,4500
20190522,西岗,春柳,整租·李家街,1室1厅,36平米,1200
20190522,西岗,春柳,刘家桥,2室0厅,46平米,1300
20190522,西岗,春柳,华北路（春柳商圈）,1室0厅,31平米,1400
20190522,西岗,春柳,整租·柳华街,2室0厅,34平米,1300
20190522,西岗,春柳,整租·刘家桥,1室1厅,43平米,1900
20190522,西岗,春柳,刘家桥,2室0厅,40平米,1400
20190522,西岗,春柳,春柳公园,1室1厅,41平米,2300
20190522,西岗,春柳,凌山五街,3室1厅,100平米,1900
20190522,西岗,春柳,刘家桥,1室1厅,38平米,1500
20190522,西岗,春柳,刘家桥,2室0厅,51平米,1500
20190522,西岗,春柳,刘家桥,1室1厅,40平米,1300
20190522,西岗,春柳,刘家桥,1室1厅,78平米,1800
20190522,西岗,春柳,华北路（春柳商圈）,2室0厅,40平米,1300
20190522,西岗,春柳,柳华街,1室1厅,32平米,1450
20190522,西岗,春柳,整租·刘家桥,2室1厅,89平米,2500
20190522,西岗,春柳,凌山二街,2室0厅,43平米,1000
20190522,西岗,春柳,整租·刘家桥,2室1厅,45平米,1800
20190522,西岗,春柳,园丁巷,2室2厅,97平米,2500
20190522,西岗,春柳,春柳园,2室1厅,67平米,1700
20190522,西岗,春柳,绿波B区,3室1厅,101平米,2500
20190522,西岗,春柳,春柳街,2室1厅,48平米,1900
20190522,西岗,春柳,凌山二街,3室2厅,104平米,3000
20190522,西岗,春柳,李家街,2室1厅,55平米,1600
20190522,西岗,春柳,整租·刘家桥,2室1厅,80平米,2200
20190522,西岗,春柳,西南路（春柳商圈）,2室1厅,60平米,1800
20190522,西岗,春柳,李家街,2室1厅,48平米,1700
20190522,西岗,春柳,李家街,2室1厅,45平米,1200
20190522,西岗,春柳,李家街,2室1厅,48平米,1800
20190522,西岗,春柳,春柳街,1室1厅,37平米,1500
20190522,西岗,春柳,绿波公寓,3室1厅,91平米,2300
20190522,西岗,春柳,刘家桥,2室1厅,67平米,1800
20190522,西岗,春柳,华北路（春柳商圈）,2室1厅,52平米,1500
20190522,西岗,春柳,柳华街,2室1厅,51平米,1600
20190522,西岗,春柳,春柳公园,2室2厅,108平米,4900
20190522,西岗,春柳,凌山五街,2室1厅,67平米,1800
20190522,西岗,春柳,绿波B区,2室2厅,70平米,2000
20190522,西岗,春柳,春柳街,2室0厅,40平米,1500
20190522,西岗,春柳,李家街,3室1厅,72平米,2400
20190522,西岗,春柳,整租·刘家桥,1室1厅,34平米,3000
20190522,西岗,春柳,凌云街,2室1厅,53平米,1500
20190522,西岗,春柳,柳华街,1室1厅,37平米,1300
20190522,西岗,春柳,刘家桥,1室1厅,35平米,1300
20190522,西岗,春柳,西南路（春柳商圈）,1室1厅,30平米,1500
20190522,西岗,春柳,整租·刘家桥,2室0厅,40平米,1300
20190522,西岗,春柳,整租·凌山五街,2室0厅,41平米,1200
20190522,西岗,春柳,凌山二街,2室1厅,75平米,1900
20190522,西岗,春柳,刘家桥,1室1厅,34平米,1350
20190522,西岗,春柳,整租·李家街,3室0厅,66平米,1700
20190522,西岗,春柳,李家街,1室1厅,39平米,1400
20190522,西岗,春柳,柳华街,1室1厅,36平米,1400
20190522,西岗,春柳,刘家桥,1室1厅,37平米,1400
20190522,西岗,春柳,凌山五街,2室0厅,44平米,1300
20190522,西岗,春柳,凌山五街,2室0厅,45平米,1300
20190522,西岗,春柳,李家街,2室1厅,55平米,1500
20190522,西岗,春柳,凌山四街,2室1厅,57平米,2000
20190522,西岗,春柳,西南路（春柳商圈）,2室1厅,73平米,1500
20190522,西岗,春柳,春风巷,2室1厅,50平米,1800
20190522,西岗,春柳,整租·李家街,2室1厅,55平米,1300
20190522,西岗,春柳,绿波B区,2室1厅,91平米,2000
20190522,西岗,春柳,西南路（春柳商圈）,1室0厅,29平米,1200
20190522,西岗,春柳,凌山五街,2室1厅,55平米,1800
20190522,西岗,春柳,凌山二街,2室0厅,45平米,1400
20190522,西岗,春柳,刘家桥,2室0厅,48平米,1300
20190522,西岗,春柳,李家街,1室0厅,39平米,1450
20190522,西岗,春柳,整租·凌云街,3室0厅,60平米,2000
20190522,西岗,春柳,刘家桥,1室1厅,35平米,1400
20190522,西岗,春柳,华北路（春柳商圈）,2室1厅,44平米,1500
20190522,西岗,春柳,园丁巷,2室1厅,93平米,2300
20190522,西岗,春柳,凌山二街,2室1厅,43平米,2000
20190522,西岗,春柳,刘家桥,2室0厅,48平米,1500
20190522,西岗,春柳,春柳公园,2室2厅,107平米,4700
20190522,西岗,春柳,凌云街,2室0厅,43平米,1300
20190522,西岗,春柳,柳华街,1室1厅,33平米,1300
20190522,西岗,春柳,华北路（春柳商圈）,2室1厅,50平米,2000
20190522,西岗,春柳,春柳街,2室0厅,42平米,3200
20190522,西岗,春柳,柳华街,1室1厅,40平米,1650
20190522,西岗,春柳,刘家桥,2室0厅,40平米,1300
20190522,西岗,春柳,春柳园,2室1厅,78平米,1600
20190522,西岗,春柳,刘家桥,1室1厅,47平米,1300
20190522,西岗,春柳,柳华街,1室1厅,40平米,1200
20190522,西岗,春柳,春柳街,2室1厅,45平米,4000
20190522,西岗,春柳,凌山四街,1室1厅,41平米,1500
20190522,西岗,春柳,凌山三街,1室0厅,33平米,1400
20190522,西岗,春柳,刘家桥,2室1厅,64平米,1700
20190522,西岗,春柳,西南路（春柳商圈）,1室1厅,30平米,1100
20190522,西岗,春柳,春柳街,2室0厅,45平米,1200
20190522,西岗,春柳,刘家桥,2室0厅,51平米,2000
20190522,西岗,春柳,绿波公寓,1室1厅,57平米,1700
20190522,西岗,春柳,刘家桥,2室1厅,58平米,1850
20190522,西岗,春柳,刘家桥,5室2厅,280平米,21000
20190522,西岗,春柳,柳华街,1室0厅,33平米,1400
20190522,西岗,春柳,绿波B区,2室1厅,74平米,1900
20190522,西岗,春柳,刘家桥,2室1厅,51平米,1600
20190522,西岗,春柳,春风巷,1室1厅,35平米,1400
20190522,西岗,春柳,春晖巷,2室1厅,48平米,1500
20190522,西岗,春柳,凌山四街,2室0厅,60平米,2600
20190522,西岗,春柳,绿波B区,2室1厅,87平米,2400
20190522,西岗,春柳,凌山二街,2室1厅,71平米,2000
20190522,西岗,春柳,整租·华北路（春柳商圈）,2室0厅,46平米,1700
20190522,西岗,春柳,李家街,1室1厅,35平米,1600
20190522,西岗,春柳,华北路（春柳商圈）,1室1厅,30平米,750
20190522,西岗,春柳,春柳街,2室1厅,55平米,2200
20190522,西岗,春柳,刘家桥,2室1厅,43平米,1250
20190522,西岗,春柳,柳华街,1室0厅,22平米,3400
20190522,西岗,春柳,华北路（春柳商圈）,1室1厅,35平米,1300
20190522,西岗,春柳,春风巷,2室1厅,64平米,2300
20190522,西岗,春柳,西南路（春柳商圈）,3室0厅,72平米,2000
20190522,西岗,春柳,李家街,1室1厅,39平米,1150
20190522,西岗,春柳,凌云街,2室1厅,64平米,1500
20190522,西岗,春柳,华北路（春柳商圈）,2室1厅,53平米,1750
20190522,西岗,春柳,园丁巷,2室1厅,53平米,1500
20190522,西岗,春柳,刘家桥,2室0厅,51平米,1700
20190522,西岗,春柳,凌云街,1室0厅,23平米,950
20190522,西岗,春柳,刘家桥,2室0厅,50平米,1500
20190522,西岗,春柳,园丁巷,2室2厅,98平米,2600
20190522,西岗,春柳,春柳公园,1室1厅,56平米,2700
20190522,西岗,春柳,春柳公园,3室2厅,105平米,4200
20190522,西岗,春柳,凌山二街,2室2厅,96平米,2100
20190522,西岗,春柳,凌山三街,1室0厅,36平米,1000
20190522,西岗,春柳,李家街,2室1厅,49平米,1900
20190522,西岗,春柳,刘家桥,2室1厅,66平米,1800
20190522,西岗,春柳,刘家桥,2室0厅,49平米,3000
20190522,西岗,春柳,凌山五街,1室1厅,47平米,1300
20190522,西岗,春柳,李家街,2室1厅,47平米,1600
20190522,西岗,春柳,李家街,1室1厅,33平米,1100
20190522,西岗,春柳,春柳公园,3室2厅,106平米,4500
20190522,西岗,春柳,整租·刘家桥,1室0厅,35平米,1300
20190522,西岗,春柳,春柳中心,2室0厅,44平米,1500
20190522,西岗,春柳,春柳园,2室2厅,86平米,2200
20190522,西岗,春柳,凌云街,1室0厅,36平米,900
20190522,西岗,春柳,凌山二街,2室1厅,65平米,1200
20190522,西岗,春柳,春柳公园,3室2厅,107平米,4500
20190522,西岗,春柳,西南路（春柳商圈）,2室1厅,54平米,850
20190522,西岗,春柳,凌云街,1室1厅,44平米,1500
20190522,西岗,春柳,华北路（春柳商圈）,1室0厅,32平米,1000
20190522,西岗,春柳,华北路（春柳商圈）,2室1厅,46平米,1400
20190522,西岗,春柳,柳华街,1室0厅,30平米,4000
20190522,西岗,春柳,刘家桥,2室0厅,50平米,1400
20190522,西岗,春柳,刘家桥,2室1厅,75平米,1400
20190522,西岗,春柳,刘家桥,2室1厅,55平米,1400
20190522,西岗,春柳,春柳人家,2室2厅,94平米,3000
20190522,西岗,春柳,春柳街,2室0厅,29平米,2100
20190522,西岗,春柳,刘家桥,1室1厅,40平米,1000
20190522,西岗,春柳,李家街,1室1厅,33平米,1000
20190522,西岗,春柳,李家街,1室1厅,47平米,1600
20190522,西岗,春柳,刘家桥,2室1厅,57平米,1600
20190522,高新园区,孙家沟,合租·龙山花园,5居室,28平米,1100
20190522,高新园区,孙家沟,合租·龙山花园,3居室,25平米,950
20190522,高新园区,孙家沟,合租·龙山花园,3居室,20平米,850
20190522,高新园区,孙家沟,合租·孙家沟,3居室,20平米,900
20190522,高新园区,孙家沟,孙家沟,2室1厅,63平米,2100
20190522,高新园区,孙家沟,半岛听涛,5室2厅,370平米,20000
20190522,高新园区,孙家沟,合租·西南路,3居室,18平米,650
20190522,高新园区,孙家沟,合租·星浦庄园,6居室,21平米,1000
20190522,高新园区,孙家沟,孙家沟,5室0厅,380平米,13000
20190522,高新园区,孙家沟,宏都筑景Ⅰ期,3室2厅,144平米,5800
20190522,高新园区,孙家沟,合租·星苑小区,3居室,15平米,980
20190522,高新园区,孙家沟,颐和星海,6室3厅,281平米,45000
20190522,高新园区,孙家沟,合租·星浦庄园,6居室,19平米,850
20190522,高新园区,孙家沟,合租·星苑小区,3居室,20平米,950
20190522,高新园区,孙家沟,孙家沟,2室1厅,53平米,2000
20190522,高新园区,孙家沟,颐和星海,2室2厅,98平米,4500
20190522,高新园区,孙家沟,合租·星浦庄园,6居室,23平米,900
20190522,高新园区,孙家沟,合租·龙山花园,5居室,25平米,950
20190522,高新园区,孙家沟,宏都筑景Ⅰ期,2室1厅,55平米,3850
20190522,高新园区,孙家沟,宏都筑景Ⅰ期,2室1厅,61平米,3800
20190522,高新园区,孙家沟,通海花园,4室2厅,153平米,5000
20190522,高新园区,孙家沟,颐和星海,2室1厅,83平米,4500
20190522,高新园区,孙家沟,嘉汇星海,2室2厅,103平米,3950
20190522,高新园区,孙家沟,亿达海月公寓,3室2厅,136平米,3800
20190522,高新园区,孙家沟,颐和星海,4室2厅,232平米,6000
20190522,高新园区,孙家沟,莱州街,3室1厅,99平米,2800
20190522,高新园区,孙家沟,莱州街,2室1厅,59平米,1600
20190522,高新园区,孙家沟,星海大厦,3室1厅,177平米,6000
20190522,高新园区,孙家沟,星海大厦,5室2厅,209平米,8000
20190522,高新园区,孙家沟,星苑小区,2室1厅,60平米,4500
20190522,高新园区,孙家沟,星海公园,3室1厅,76平米,2500
20190522,高新园区,孙家沟,星海公园,3室1厅,56平米,2200
20190522,高新园区,孙家沟,星海壹景,3室1厅,128平米,4500
20190522,高新园区,孙家沟,海韵花园,4室2厅,165平米,7000
20190522,高新园区,孙家沟,孙家沟,2室1厅,47平米,2300
20190522,高新园区,孙家沟,孙家沟,3室1厅,72平米,2500
20190522,高新园区,孙家沟,环保宾馆,3室1厅,80平米,3100
20190522,高新园区,孙家沟,孙家沟,2室1厅,60平米,1800
20190522,高新园区,孙家沟,星海大第,2室1厅,90平米,3900
20190522,高新园区,孙家沟,颐和星海,4室2厅,198平米,8000
20190522,高新园区,孙家沟,整租·星海公园,1室1厅,43平米,1000
20190522,高新园区,孙家沟,宏都筑景Ⅰ期,2室1厅,55平米,3700
20190522,高新园区,孙家沟,孙家沟,1室1厅,36平米,1500
20190522,高新园区,孙家沟,合租·心宁苑,4居室,10平米,1080
20190522,高新园区,孙家沟,合租·星浦庄园,5居室,16平米,1320
20190522,高新园区,孙家沟,星海大厦,3室1厅,105平米,3700
20190522,高新园区,孙家沟,合租·心宁苑,4居室,20平米,1480
20190522,高新园区,孙家沟,整租·星浦庄园,2室1厅,66平米,2100
20190522,高新园区,孙家沟,星海公园,2室1厅,65平米,2000
20190522,高新园区,孙家沟,莱州街,2室1厅,55平米,4600
20190522,高新园区,孙家沟,孙家沟,2室1厅,56平米,1700
20190522,高新园区,孙家沟,孙家沟,2室0厅,41平米,1500
20190522,高新园区,孙家沟,连山街,1室1厅,33平米,1400
20190522,高新园区,孙家沟,星海公园,1室0厅,30平米,1200
20190522,高新园区,孙家沟,宏都筑景Ⅰ期,2室1厅,56平米,3800
20190522,高新园区,孙家沟,星海大厦,3室2厅,188平米,6500
20190522,高新园区,孙家沟,星苑小区,1室1厅,49平米,1500
20190522,高新园区,孙家沟,孙家沟,1室1厅,34平米,1500
20190522,高新园区,孙家沟,星海大第,3室2厅,139平米,4600
20190522,高新园区,孙家沟,星海大第,2室2厅,108平米,4000
20190522,高新园区,孙家沟,孙家沟,2室1厅,60平米,2000
20190522,高新园区,孙家沟,星海名庭,3室2厅,143平米,5000
20190522,高新园区,孙家沟,颐和星海,2室1厅,89平米,5600
20190522,高新园区,孙家沟,孙家沟,2室1厅,62平米,2000
20190522,高新园区,孙家沟,星海公园,4室2厅,168平米,4500
20190522,高新园区,孙家沟,孙家沟,2室1厅,57平米,1600
20190522,高新园区,孙家沟,宏都筑景Ⅰ期,2室2厅,98平米,4500
20190522,高新园区,孙家沟,星海大第,2室2厅,90平米,4000
20190522,高新园区,孙家沟,整租·颐和星海,1室1厅,65平米,3500
20190522,高新园区,孙家沟,连山街,2室1厅,61平米,2000
20190522,高新园区,孙家沟,连山街,2室0厅,41平米,1400
20190522,高新园区,孙家沟,大医物业,2室1厅,58平米,2300
20190522,高新园区,孙家沟,星海名庭,2室2厅,109平米,4000
20190522,高新园区,孙家沟,孙家沟,1室1厅,36平米,1400
20190522,高新园区,孙家沟,海韵花园,2室2厅,86平米,3200
20190522,高新园区,孙家沟,孙家沟,1室1厅,35平米,1500
20190522,高新园区,孙家沟,西沟小区,1室0厅,40平米,1400
20190522,高新园区,孙家沟,孙家沟,1室1厅,64平米,1400
20190522,高新园区,孙家沟,颐和星海,3室2厅,150平米,5000
20190522,高新园区,孙家沟,莱州街,3室1厅,75平米,2500
20190522,高新园区,孙家沟,宏都筑景Ⅰ期,2室2厅,74平米,3500
20190522,高新园区,孙家沟,星海大第,2室2厅,108平米,3800
20190522,高新园区,孙家沟,颐和星海,1室1厅,77平米,4300
20190522,高新园区,孙家沟,颐和星海,1室1厅,75平米,3500
20190522,高新园区,孙家沟,亿达海月公寓,3室1厅,125平米,4200
20190522,高新园区,孙家沟,星海公园,2室1厅,50平米,1700
20190522,高新园区,孙家沟,宏都筑景Ⅱ期,3室2厅,118平米,5000
20190522,高新园区,孙家沟,孙家沟,1室1厅,46平米,1500
20190522,高新园区,孙家沟,星海公园,2室0厅,45平米,3000
20190522,高新园区,孙家沟,星海公园,1室1厅,35平米,1400
20190522,高新园区,孙家沟,半岛听涛,8室4厅,370平米,32500
20190522,高新园区,孙家沟,孙家沟,3室1厅,69平米,2000
20190522,高新园区,孙家沟,星浦庄园,3室2厅,122平米,3600
20190522,高新园区,孙家沟,半岛听涛,4室2厅,197平米,15000
20190522,高新园区,孙家沟,宏都筑景Ⅰ期,2室1厅,57平米,4000
20190522,高新园区,孙家沟,星海公园,3室1厅,75平米,3000
20190522,高新园区,孙家沟,玉门街,2室1厅,85平米,2500
20190522,高新园区,孙家沟,莱州街,2室1厅,83平米,3200
20190522,高新园区,孙家沟,西沟小区,1室1厅,50平米,1450
20190522,高新园区,孙家沟,孙家沟,1室1厅,40平米,1200
20190522,高新园区,孙家沟,颐和星海,1室1厅,60平米,3000
20190522,高新园区,孙家沟,孙家沟,1室1厅,50平米,1400
20190522,高新园区,孙家沟,孙家沟,2室1厅,46平米,2100
20190522,高新园区,孙家沟,孙家沟,2室1厅,60平米,1500
20190522,高新园区,孙家沟,孙家沟,1室0厅,40平米,1600
20190522,高新园区,孙家沟,星海公园,1室1厅,40平米,2800
20190522,高新园区,孙家沟,西沟小区,1室1厅,45平米,1800
20190522,高新园区,孙家沟,星海公园,2室1厅,90平米,2800
20190522,高新园区,孙家沟,星海公园,2室0厅,48平米,1850
20190522,高新园区,孙家沟,星海公园,2室0厅,47平米,1500
20190522,高新园区,孙家沟,连山街,1室1厅,42平米,1600
20190522,高新园区,孙家沟,宏都筑景Ⅰ期,3室2厅,115平米,4500
20190522,高新园区,孙家沟,连山街,2室0厅,48平米,1350
20190522,高新园区,孙家沟,星海公园,1室1厅,36平米,1000
20190522,高新园区,孙家沟,孙家沟,2室1厅,56平米,2000
20190522,高新园区,孙家沟,孙家沟,1室1厅,37平米,1500
20190522,高新园区,孙家沟,孙家沟,1室1厅,40平米,1500
20190522,高新园区,孙家沟,孙家沟,2室1厅,76平米,1600
20190522,高新园区,孙家沟,莱州街,1室1厅,40平米,1500
20190522,高新园区,孙家沟,星海公园,2室0厅,51平米,1800
20190522,高新园区,孙家沟,星海名庭,2室2厅,102平米,4000
20190522,高新园区,孙家沟,西沟小区,1室0厅,25平米,700
20190522,高新园区,孙家沟,孙家沟,2室1厅,55平米,1800
20190522,高新园区,孙家沟,大医物业,1室1厅,43平米,3500
20190522,高新园区,孙家沟,孙家沟,2室1厅,55平米,4100
20190522,高新园区,孙家沟,孙家沟,2室1厅,65平米,2300
20190522,高新园区,孙家沟,莱州街,2室1厅,60平米,1800
20190522,高新园区,孙家沟,大医物业,2室1厅,55平米,2200
20190522,高新园区,孙家沟,莱州街,1室1厅,39平米,1400
20190522,高新园区,孙家沟,西沟小区,1室1厅,37平米,1600
20190522,高新园区,孙家沟,孙家沟,1室0厅,38平米,1400
20190522,高新园区,孙家沟,西沟小区,2室1厅,47平米,2500
20190522,高新园区,孙家沟,星海公园,1室0厅,40平米,1600
20190522,高新园区,孙家沟,星海公园,2室1厅,49平米,1700
20190522,高新园区,孙家沟,孙家沟,3室0厅,55平米,2200
20190522,高新园区,孙家沟,孙家沟,2室1厅,54平米,1600
20190522,高新园区,孙家沟,星海公园,1室1厅,34平米,1800
20190522,高新园区,孙家沟,孙家沟,3室1厅,86平米,2500
20190522,高新园区,孙家沟,孙家沟,2室1厅,47平米,2000
20190522,高新园区,孙家沟,星海公园,3室1厅,60平米,2200
20190522,高新园区,孙家沟,莱州街,2室1厅,43平米,1700
20190522,高新园区,孙家沟,孙家沟,1室1厅,89平米,6000
20190522,高新园区,孙家沟,星海公园,1室1厅,40平米,3400
20190522,高新园区,孙家沟,星海壹景,2室1厅,75平米,4200
20190522,高新园区,孙家沟,星苑小区,2室1厅,59平米,2000
20190522,高新园区,孙家沟,玉门街,1室1厅,45平米,1600
20190522,高新园区,孙家沟,城建花园,3室2厅,114平米,4200
20190522,高新园区,孙家沟,孙家沟,2室1厅,55平米,4000
20190522,高新园区,孙家沟,龙门街,2室1厅,100平米,7000
20190522,高新园区,孙家沟,莱州街,1室0厅,55平米,2000
20190522,高新园区,孙家沟,星浦庄园,2室1厅,76平米,2500
20190522,高新园区,孙家沟,西沟小区,2室1厅,59平米,1900
20190522,高新园区,孙家沟,孙家沟,2室1厅,67平米,2200
20190522,高新园区,孙家沟,星海壹景,2室2厅,125平米,5000
20190522,高新园区,孙家沟,西沟小区,1室0厅,33平米,1300
20190522,高新园区,孙家沟,星海公园,2室0厅,50平米,1700
20190522,高新园区,孙家沟,星海公园,1室1厅,30平米,1500
20190522,高新园区,孙家沟,大医物业,3室0厅,68平米,5000
20190522,高新园区,孙家沟,孙家沟,2室0厅,38平米,3300
20190522,高新园区,孙家沟,星海小区,3室1厅,109平米,2500
20190522,高新园区,孙家沟,星苑小区,2室1厅,60平米,1800
20190522,高新园区,孙家沟,星苑小区,2室1厅,60平米,2500
20190522,高新园区,孙家沟,星海公园,2室1厅,48平米,1800
20190522,高新园区,孙家沟,玉门街,2室1厅,69平米,2300
20190522,高新园区,孙家沟,孙家沟,1室1厅,32平米,1500
20190522,高新园区,孙家沟,星海小区,1室1厅,60平米,1800
20190522,高新园区,孙家沟,孙家沟,2室1厅,62平米,1700
20190522,高新园区,孙家沟,宏都筑景Ⅰ期,2室2厅,92平米,4500
20190522,高新园区,孙家沟,孙家沟,1室1厅,43平米,1700
20190522,高新园区,孙家沟,孙家沟,2室1厅,55平米,1800
20190522,高新园区,孙家沟,心宁苑,1室1厅,105平米,2600
20190522,高新园区,孙家沟,连山街,1室1厅,38平米,1500
20190522,高新园区,孙家沟,通海花园,1室1厅,30平米,6700
20190522,高新园区,孙家沟,西沟小区,1室1厅,35平米,1500
20190522,高新园区,孙家沟,孙家沟,4室2厅,410平米,18500
20190522,高新园区,孙家沟,孙家沟,2室1厅,54平米,4000
20190522,高新园区,孙家沟,星海公园,3室1厅,80平米,2200
20190522,高新园区,孙家沟,孙家沟,1室0厅,27平米,900
20190522,高新园区,孙家沟,星海公园,2室0厅,44平米,1600
20190522,高新园区,孙家沟,孙家沟,3室1厅,69平米,2200
20190522,高新园区,孙家沟,颐和星海,6室4厅,281平米,25000
20190522,高新园区,孙家沟,亿达海月公寓,4室2厅,173平米,5000
20190522,高新园区,孙家沟,龙山花园,2室2厅,102平米,2500
20190522,高新园区,孙家沟,孙家沟,1室0厅,25平米,900
20190522,高新园区,孙家沟,宏都筑景Ⅰ期,3室2厅,107平米,5000
20190522,高新园区,孙家沟,颐和星海,3室2厅,142平米,5500
20190522,高新园区,孙家沟,孙家沟,1室1厅,42平米,2000
20190522,高新园区,孙家沟,大医物业,2室1厅,52平米,2200
20190522,高新园区,孙家沟,环保宾馆,2室1厅,64平米,1800
20190522,高新园区,孙家沟,孙家沟,2室1厅,76平米,2500
20190522,高新园区,孙家沟,西沟小区,2室1厅,57平米,2500
20190522,高新园区,孙家沟,大医物业,3室2厅,115平米,3800
20190522,高新园区,孙家沟,连山街,2室0厅,38平米,1600
20190522,西岗,北京公园,独栋·左右公寓,远洋风景店,37平米,2600
20190522,西岗,北京公园,独栋·左右公寓,远洋风景店,48平米,3200
20190522,西岗,北京公园,独栋·泊寓,新开路店,东,1900-2380
20190522,西岗,北京公园,独栋·泊寓,新开路店,东南西北,1620-1770
20190522,西岗,北京公园,合租·北京街南,3居室,15平米,880
20190522,西岗,北京公园,合租·龙畔锦城,4居室,21平米,1250
20190522,西岗,北京公园,合租·万达公寓,6居室,10平米,900
20190522,西岗,北京公园,合租·铁路西站,5居室,10平米,650
20190522,西岗,北京公园,远洋风景,1室1厅,62平米,3400
20190522,西岗,北京公园,龙畔锦城,3室1厅,143平米,6000
20190522,西岗,北京公园,整租·北京街北,3室2厅,104平米,3300
20190522,西岗,北京公园,合租·新春小区,4居室,14平米,800
20190522,西岗,北京公园,颐和香榭,2室2厅,72平米,4800
20190522,西岗,北京公园,银寰花园,3室1厅,136平米,4500
20190522,西岗,北京公园,万达公寓,4室1厅,300平米,14200
20190522,西岗,北京公园,合租·北京街南,4居室,25平米,1300
20190522,西岗,北京公园,万达高层,2室1厅,68平米,2300
20190522,西岗,北京公园,万达公寓,3室1厅,147平米,5000
20190522,西岗,北京公园,龙畔锦城,3室2厅,130平米,4800
20190522,西岗,北京公园,合租·新春小区,5居室,15平米,850
20190522,西岗,北京公园,万达高层,3室1厅,95平米,800
20190522,西岗,北京公园,合租·景润一期,4居室,23平米,1050
20190522,西岗,北京公园,合租·新春小区,5居室,18平米,950
20190522,西岗,北京公园,金福星大厦,3室1厅,173平米,5400
20190522,西岗,北京公园,长春花园,2室2厅,64平米,2800
20190522,西岗,北京公园,合租·北京街南,5居室,16平米,950
20190522,西岗,北京公园,合租·新春小区,5居室,16平米,1000
20190522,西岗,北京公园,北京公园,2室1厅,97平米,4000
20190522,西岗,北京公园,北京街南,2室1厅,56平米,2000
20190522,西岗,北京公园,合租·万达公寓,6居室,25平米,1050
20190522,西岗,北京公园,合租·北京街北,5居室,19平米,950
20190522,西岗,北京公园,景润一期,2室1厅,72平米,2100
20190522,西岗,北京公园,东方国际大厦,2室1厅,188平米,5000
20190522,西岗,北京公园,北京街北,2室1厅,47平米,2300
20190522,西岗,北京公园,合租·万达公寓,6居室,22平米,850
20190522,西岗,北京公园,合租·景润一期,4居室,22平米,1050
20190522,西岗,北京公园,合租·长春花园,5居室,23平米,900
20190522,西岗,北京公园,北京街北,2室1厅,73平米,2200
20190522,西岗,北京公园,银寰花园,2室1厅,73平米,2500
20190522,西岗,北京公园,合租·长春花园,5居室,12平米,880
20190522,西岗,北京公园,北京公园,2室1厅,94平米,4800
20190522,西岗,北京公园,铁路西站,2室2厅,72平米,2600
20190522,西岗,北京公园,铁路西站,2室2厅,76平米,2400
20190522,西岗,北京公园,合租·长春花园,5居室,23平米,850
20190522,西岗,北京公园,合租·景润一期,5居室,30平米,1370
20190522,西岗,北京公园,北京街南,1室1厅,36平米,2400
20190522,西岗,北京公园,远洋风景,2室2厅,98平米,6000
20190522,西岗,北京公园,21中鞍山路,3室1厅,73平米,7000
20190522,西岗,北京公园,合租·长春花园,5居室,15平米,950
20190522,西岗,北京公园,合租·北京街南,5居室,19平米,950
20190522,西岗,北京公园,颐和香榭,1室1厅,46平米,2800
20190522,西岗,北京公园,润德广场,1室1厅,60平米,3100
20190522,西岗,北京公园,合租·新春小区,5居室,18平米,900
20190522,西岗,北京公园,合租·银寰花园,4居室,18平米,1000
20190522,西岗,北京公园,合租·长春花园,5居室,12平米,900
20190522,西岗,北京公园,远洋风景,3室1厅,120平米,10000
20190522,西岗,北京公园,北岗新居,2室2厅,92平米,2600
20190522,西岗,北京公园,整租·金福星大厦,3室1厅,127平米,5000
20190522,西岗,北京公园,整租·北京街南,3室1厅,82平米,2800
20190522,西岗,北京公园,北京街北,2室1厅,73平米,2200
20190522,西岗,北京公园,颐和香榭,1室1厅,46平米,3000
20190522,西岗,北京公园,合租·银寰花园,6居室,10平米,650
20190522,西岗,北京公园,龙畔锦城,1室1厅,63平米,2800
20190522,西岗,北京公园,景润一期,1室1厅,53平米,1900
20190522,西岗,北京公园,合租·长春花园,4居室,18平米,890
20190522,西岗,北京公园,万达高层,1室1厅,57平米,2250
20190522,西岗,北京公园,北京公园,2室1厅,97平米,5000
20190522,西岗,北京公园,北京公园,2室1厅,97平米,4700
20190522,西岗,北京公园,合租·站北新居,3居室,21平米,1400
20190522,西岗,北京公园,合租·万达公寓,5居室,29平米,1650
20190522,西岗,北京公园,万达高层,2室1厅,59平米,2100
20190522,西岗,北京公园,东方国际大厦,2室1厅,95平米,4000
20190522,西岗,北京公园,东方国际大厦,3室1厅,140平米,9500
20190522,西岗,北京公园,整租·万达高层,2室1厅,75平米,2600
20190522,西岗,北京公园,合租·站北新居,3居室,10平米,1100
20190522,西岗,北京公园,北京街北,1室1厅,40平米,1600
20190522,西岗,北京公园,整租·新春小区,3室2厅,100平米,3700
20190522,西岗,北京公园,颐和香榭,1室1厅,48平米,2800
20190522,西岗,北京公园,合租·长春花园,3居室,15平米,790
20190522,西岗,北京公园,银寰大厦,3室2厅,165平米,6500
20190522,西岗,北京公园,合租·万达公寓,5居室,15平米,1100
20190522,西岗,北京公园,21中鞍山路,3室1厅,75平米,2800
20190522,西岗,北京公园,北京街南,2室1厅,64平米,2300
20190522,西岗,北京公园,整租·万达高层,2室1厅,70平米,2200
20190522,西岗,北京公园,新春小区,3室1厅,103平米,3900
20190522,西岗,北京公园,万达高层,2室1厅,84平米,2500
20190522,西岗,北京公园,整租·万达高层,2室1厅,77平米,2500
20190522,西岗,北京公园,整租·远洋风景,1室0厅,37平米,2400
20190522,西岗,北京公园,北京街南,1室1厅,34平米,1600
20190522,西岗,北京公园,21中鞍山路,1室1厅,37平米,1300
20190522,西岗,北京公园,北京公园,1室0厅,38平米,2500
20190522,西岗,北京公园,北京街南,1室1厅,40平米,1600
20190522,西岗,北京公园,长恒花园,1室1厅,111平米,17000
20190522,西岗,北京公园,北岗新居,1室1厅,50平米,2000
20190522,西岗,北京公园,北岗新居,3室2厅,121平米,4000
20190522,西岗,北京公园,中央复兴里,1室1厅,52平米,3000
20190522,西岗,北京公园,龙畔锦城,2室1厅,91平米,4000
20190522,西岗,北京公园,东方国际大厦,1室1厅,44平米,1900
20190522,西岗,北京公园,北京公园,2室1厅,101平米,5500
20190522,西岗,北京公园,整租·北岗新居,2室1厅,86平米,4000
20190522,西岗,北京公园,21中鞍山路,2室1厅,54平米,2200
20190522,西岗,北京公园,远洋风景,2室1厅,83平米,4500
20190522,西岗,北京公园,龙畔锦城,2室2厅,95平米,3600
20190522,西岗,北京公园,颐和香榭,1室1厅,46平米,3000
20190522,西岗,北京公园,万达高层,2室1厅,73平米,2200
20190522,西岗,北京公园,长恒花园,2室2厅,126平米,4200
20190522,西岗,北京公园,龙畔锦城,2室1厅,91平米,3300
20190522,西岗,北京公园,龙畔锦城,2室1厅,93平米,3500
20190522,西岗,北京公园,银寰花园,2室1厅,72平米,2800
20190522,西岗,北京公园,远洋风景,2室1厅,94平米,4000
20190522,西岗,北京公园,北京公园,2室1厅,97平米,4500
20190522,西岗,北京公园,颐和香榭,2室1厅,72平米,4200
20190522,西岗,北京公园,北京街南,2室1厅,49平米,2600
20190522,西岗,北京公园,兴业广场,2室1厅,43平米,3600
20190522,西岗,北京公园,东方国际大厦,1室0厅,36平米,2000
20190522,西岗,北京公园,北京街北,2室1厅,74平米,2200
20190522,西岗,北京公园,站北新居,2室1厅,96平米,3600
20190522,西岗,北京公园,长恒花园,1室0厅,128平米,15000
20190522,西岗,北京公园,整租·远洋风景,2室1厅,94平米,5000
20190522,西岗,北京公园,北岗新居,2室1厅,77平米,2900
20190522,西岗,北京公园,北京街南,1室1厅,47平米,2300
20190522,西岗,北京公园,东方国际大厦,1室0厅,36平米,2000
20190522,西岗,北京公园,远洋风景,2室2厅,91平米,5800
20190522,西岗,北京公园,景润一期,2室1厅,61平米,2200
20190522,西岗,北京公园,锦绣大厦,1室1厅,100平米,3200
20190522,西岗,北京公园,东方国际大厦,1室0厅,37平米,1750
20190522,西岗,北京公园,颐和香榭,1室1厅,46平米,2800
20190522,西岗,北京公园,北京街北,2室1厅,57平米,3500
20190522,西岗,北京公园,锦绣大厦,1室1厅,166平米,4200
20190522,西岗,北京公园,金福星大厦,4室1厅,173平米,5500
20190522,西岗,北京公园,整租·润德广场,2室1厅,67平米,3100
20190522,西岗,北京公园,东方国际大厦,1室1厅,40平米,1900
20190522,西岗,北京公园,整租·万达高层,2室1厅,57平米,2500
20190522,西岗,北京公园,万达高层,2室1厅,75平米,2400
20190522,西岗,北京公园,铁路西站,2室1厅,75平米,2300
20190522,西岗,北京公园,铁路西站,2室1厅,76平米,2300
20190522,西岗,北京公园,北京街南,4室2厅,112平米,4000
20190522,西岗,北京公园,龙畔锦城,2室1厅,68平米,3100
20190522,西岗,北京公园,远洋风景,2室2厅,94平米,4500
20190522,西岗,北京公园,万达高层,2室1厅,72平米,2600
20190522,西岗,北京公园,铁路西站,2室1厅,59平米,2400
20190522,西岗,北京公园,长春花园,2室1厅,86平米,3100
20190522,西岗,北京公园,铁路西站,2室2厅,75平米,2500
20190522,西岗,北京公园,北岗新居,2室1厅,57平米,2200
20190522,西岗,北京公园,整租·润德广场,1室1厅,47平米,3000
20190522,西岗,北京公园,东方国际大厦,1室0厅,45平米,2000
20190522,西岗,北京公园,站北新居,2室1厅,75平米,2800
20190522,西岗,北京公园,银寰花园,2室1厅,97平米,3000
20190522,西岗,北京公园,景润一期,1室1厅,63平米,2000
20190522,西岗,北京公园,21中鞍山路,3室1厅,77平米,2000
20190522,西岗,北京公园,北京公园,2室1厅,77平米,4500
20190522,西岗,北京公园,北京街南,1室1厅,38平米,2300
20190522,西岗,北京公园,龙畔锦城,1室1厅,54平米,2600
20190522,西岗,北京公园,润德广场,1室1厅,47平米,2500
20190522,西岗,北京公园,颐和香榭,1室1厅,58平米,3500
20190522,西岗,北京公园,东方国际大厦,1室0厅,36平米,1900
20190522,西岗,北京公园,21中鞍山路,2室1厅,50平米,3000
20190522,西岗,北京公园,北京街南,2室1厅,67平米,2400
20190522,西岗,北京公园,站北新居,2室1厅,77平米,3000
20190522,西岗,北京公园,北京街北,1室1厅,42平米,1600
20190522,西岗,北京公园,整租·景润一期,2室1厅,72平米,2200
20190522,西岗,北京公园,整租·铁路西站,2室2厅,75平米,2400
20190522,西岗,北京公园,整租·金福星大厦,4室1厅,173平米,5800
20190522,西岗,北京公园,铁路西站,2室1厅,79平米,2500
20190522,西岗,北京公园,兴业广场,2室1厅,66平米,2500
20190522,西岗,北京公园,北京街北,2室1厅,59平米,1800
20190522,西岗,北京公园,北京街南,2室1厅,67平米,2400
20190522,西岗,北京公园,北京街北,2室1厅,57平米,2100
20190522,西岗,北京公园,北京街南,2室1厅,65平米,2800
20190522,西岗,北京公园,北京街南,2室1厅,59平米,2500
20190522,西岗,北京公园,铁路西站,1室1厅,38平米,1800
20190522,西岗,北京公园,整租·北岗新居,2室1厅,86平米,2400
20190522,西岗,北京公园,新春小区,3室2厅,106平米,4500
20190522,西岗,北京公园,远洋风景,3室1厅,101平米,5300
20190522,西岗,北京公园,颐和香榭,1室1厅,164平米,17000
20190522,西岗,北京公园,远洋风景,3室1厅,131平米,7000
20190522,西岗,北京公园,润德广场,2室1厅,112平米,5500
20190522,西岗,北京公园,北京公园,4室1厅,142平米,6000
20190522,西岗,北京公园,新春小区,2室2厅,83平米,3000
20190522,西岗,北京公园,北京街南,2室1厅,68平米,1850
20190522,西岗,北京公园,龙畔锦城,2室2厅,93平米,3300
20190522,西岗,北京公园,北京公园,1室1厅,52平米,3600
20190522,西岗,北京公园,润德广场,1室1厅,47平米,2600
20190522,西岗,北京公园,景润一期,2室2厅,73平米,2500
20190522,西岗,北京公园,北京公园,4室2厅,141平米,8000
20190522,西岗,北京公园,龙畔锦城,1室1厅,68平米,2700
20190522,西岗,北京公园,颐和香榭,1室1厅,46平米,3000
20190522,西岗,北京公园,锦绣大厦,2室1厅,165平米,6500
20190522,西岗,北京公园,北京街北,3室1厅,78平米,3000
20190522,西岗,北京公园,北京街南,3室1厅,80平米,2700
20190522,西岗,北京公园,远洋风景,3室1厅,99平米,5500
20190522,西岗,北京公园,新春小区,3室1厅,100平米,3500
20190522,西岗,北京公园,银寰花园,2室0厅,76平米,2800
20190522,西岗,北京公园,颐和香榭,1室1厅,63平米,4000
20190522,西岗,北京公园,颐和香榭,1室1厅,50平米,3200
20190522,西岗,北京公园,整租·润德广场,2室1厅,67平米,3200
20190522,西岗,北京公园,整租·东方国际大厦,1室1厅,44平米,2000
20190522,西岗,北京公园,万达高层,3室1厅,103平米,3000
20190522,西岗,北京公园,兴业广场,1室2厅,46平米,3000
20190522,西岗,北京公园,北京街北,2室1厅,60平米,2100
20190522,西岗,北京公园,兴业广场,2室1厅,40平米,2100
20190522,西岗,北京公园,万达公寓,1室1厅,122平米,5850
20190522,西岗,北京公园,万达公寓,2室1厅,158平米,7500
20190522,西岗,北京公园,21中鞍山路,1室1厅,44平米,2200
20190522,西岗,北京公园,银寰大厦,2室2厅,140平米,5800
20190522,西岗,北京公园,润德广场,1室1厅,52平米,2700
20190522,西岗,北京公园,北京街南,1室1厅,40平米,1800
20190522,西岗,北京公园,北京街北,1室1厅,45平米,1500
20190522,西岗,北京公园,中央复兴里,1室1厅,53平米,2800
20190522,西岗,北京公园,颐和香榭,1室1厅,46平米,2800
20190522,西岗,北京公园,整租·兴业广场,1室0厅,531平米,32000
20190522,西岗,北京公园,银寰花园,2室1厅,75平米,2800
20190522,西岗,北京公园,整租·北京街北,2室1厅,79平米,2300
20190522,西岗,北京公园,整租·北京公园,2室1厅,94平米,5500
20190522,西岗,北京公园,北京街南,1室1厅,36平米,1200
20190522,西岗,北京公园,北京街北,2室0厅,53平米,1800
20190522,西岗,北京公园,整租·北京街南,2室1厅,58平米,2300
20190522,西岗,北京公园,整租·润德广场,1室1厅,60平米,3400
20190522,西岗,北京公园,润德广场,2室1厅,52平米,2700
20190522,西岗,北京公园,颐和香榭,1室1厅,185平米,40000
20190522,西岗,北京公园,北京街北,2室1厅,65平米,2300
20190522,西岗,北京公园,润德广场,2室1厅,52平米,2800
20190522,西岗,北京公园,颐和香榭,1室1厅,45平米,3100
20190522,西岗,北京公园,景润一期,2室1厅,69平米,2200
20190522,西岗,北京公园,北京街北,1室1厅,42平米,1600
20190522,西岗,北京公园,整租·北京街南,1室0厅,48平米,1600
20190522,西岗,北京公园,整租·东方国际大厦,1室0厅,45平米,1900
20190522,西岗,北京公园,整租·远洋风景,3室2厅,126平米,7500
20190522,西岗,北京公园,整租·龙畔锦城,1室1厅,53平米,2500
20190522,西岗,北京公园,北京街南,1室1厅,25平米,1300
20190522,西岗,北京公园,站北新居,2室1厅,72平米,2800
20190522,西岗,北京公园,站北新居,2室1厅,72平米,3000
20190522,西岗,北京公园,整租·远洋风景,2室2厅,94平米,5000
20190522,西岗,北京公园,整租·北京街北,1室1厅,45平米,2000
20190522,西岗,北京公园,润德广场,2室1厅,52平米,2300
20190522,西岗,北京公园,颐和香榭,1室1厅,57平米,3400
20190522,西岗,北京公园,长春花园,1室1厅,43平米,2300
20190522,西岗,北京公园,铁路西站,2室2厅,75平米,2400
20190522,西岗,北京公园,北京街南,1室1厅,38平米,1500
20190522,西岗,北京公园,银华双厦,2室1厅,83平米,3000
20190522,西岗,北京公园,新春小区,2室1厅,72平米,2900
20190522,西岗,北京公园,长春花园,2室1厅,67平米,2900
20190522,西岗,北京公园,颐和香榭,2室1厅,97平米,3900
20190522,西岗,北京公园,颐和香榭,2室1厅,93平米,5000
20190522,西岗,北京公园,润德广场,2室1厅,66平米,3100
20190522,西岗,北京公园,北京街南,2室1厅,62平米,2100
20190522,西岗,北京公园,北京街南,2室1厅,70平米,2500
20190522,西岗,北京公园,长恒花园,2室2厅,130平米,4500
20190522,西岗,北京公园,远洋风景,2室1厅,92平米,5000
20190522,西岗,北京公园,北京街北,2室1厅,67平米,2000
20190522,西岗,北京公园,北京街南,2室0厅,56平米,2100
20190522,西岗,北京公园,21中鞍山路,2室1厅,60平米,2200
20190522,西岗,北京公园,远洋风景,1室0厅,35平米,2400
20190522,西岗,北京公园,远洋风景,1室0厅,38平米,2400
20190522,西岗,北京公园,北岗新居,2室1厅,89平米,3500
20190522,西岗,北京公园,整租·北京街南,1室0厅,35平米,1350
20190522,西岗,北京公园,铁路西站,2室1厅,65平米,2000
20190522,西岗,北京公园,远洋风景,1室0厅,37平米,2500
20190522,西岗,北京公园,北京街南,2室1厅,60平米,2100
20190522,西岗,北京公园,润德广场,1室1厅,48平米,2400
20190522,西岗,北京公园,万达高层,2室1厅,59平米,3500
20190522,西岗,北京公园,北京街北,1室1厅,35平米,1000
20190522,西岗,北京公园,银寰花园,2室1厅,75平米,2400
20190522,西岗,北京公园,龙畔锦城,2室1厅,86平米,3500
20190522,西岗,北京公园,景润一期,2室1厅,65平米,2100
20190522,西岗,北京公园,北京街北,1室1厅,34平米,1600
20190522,西岗,北京公园,东方国际大厦,1室0厅,45平米,1950
20190522,西岗,北京公园,东方国际大厦,1室1厅,47平米,2200
20190522,西岗,北京公园,兴业广场,2室1厅,43平米,2800
20190522,西岗,北京公园,东方国际大厦,1室1厅,41平米,2500
20190522,西岗,北京公园,东方国际大厦,1室1厅,68平米,2000
20190522,西岗,北京公园,铁路西站,2室1厅,77平米,2300
20190522,西岗,北京公园,远洋风景,2室1厅,95平米,5000
20190522,西岗,北京公园,东方国际大厦,1室1厅,44平米,2100
20190522,西岗,北京公园,景润一期,2室1厅,45平米,1800
20190522,西岗,北京公园,北京公园,1室0厅,40平米,2400
20190522,西岗,北京公园,景润二期,2室1厅,77平米,2600
20190522,西岗,北京公园,整租·北京街南,3室1厅,85平米,4000
20190522,西岗,北京公园,整租·东方国际大厦,1室1厅,45平米,2000
20190522,西岗,北京公园,整租·润德广场,1室1厅,53平米,3000
20190522,西岗,北京公园,站北新居,1室1厅,75平米,2900
20190522,西岗,北京公园,润德广场,2室1厅,52平米,2800
20190522,西岗,北京公园,东方国际大厦,2室1厅,127平米,4500
20190522,西岗,北京公园,北京街南,2室1厅,56平米,2500
20190522,西岗,北京公园,珠江国际大厦,4室0厅,134平米,7800
20190522,西岗,北京公园,景润一期,1室1厅,80平米,2200
20190522,西岗,北京公园,北京街南,3室1厅,80平米,3000
20190522,西岗,北京公园,万达高层,2室1厅,75平米,3000
20190522,西岗,北京公园,颐和香榭,1室1厅,53平米,3500
20190522,西岗,北京公园,北京街南,2室0厅,35平米,1600
20190522,西岗,北京公园,龙畔锦城,2室1厅,94平米,3700
20190522,西岗,北京公园,景润一期,2室2厅,90平米,2600
20190522,西岗,北京公园,景润二期,3室1厅,108平米,6000
20190522,西岗,北京公园,景润二期,1室1厅,53平米,6000
20190522,西岗,北京公园,中央复兴里,1室1厅,53平米,2800
20190522,西岗,北京公园,北京街南,2室1厅,72平米,2300
20190522,西岗,北京公园,银寰花园,2室1厅,100平米,3500
20190522,西岗,北京公园,新春小区,1室1厅,35平米,1000
20190522,西岗,北京公园,远洋风景,1室0厅,37平米,2400
20190522,西岗,北京公园,北京街南,1室1厅,30平米,2500
20190522,西岗,北京公园,北京街南,1室1厅,37平米,1600
20190522,西岗,北京公园,站北新居,2室1厅,79平米,3000
20190522,西岗,北京公园,北京街南,3室1厅,89平米,2700
20190522,西岗,北京公园,万达高层,2室1厅,67平米,2300
20190522,西岗,北京公园,润德广场,1室1厅,60平米,3200
20190522,西岗,北京公园,北京街北,1室1厅,35平米,2500
20190522,西岗,北京公园,站北新居,2室2厅,78平米,3000
20190522,西岗,北京公园,龙畔锦城,2室1厅,92平米,4000
20190522,西岗,北京公园,龙畔锦城,2室1厅,90平米,3600
20190522,西岗,北京公园,龙畔锦城,2室2厅,94平米,4000
20190522,西岗,北京公园,远洋风景,1室0厅,37平米,2600
20190522,西岗,北京公园,北京街北,2室0厅,42平米,2400
20190522,西岗,北京公园,远洋风景,2室2厅,94平米,5500
20190522,西岗,北京公园,北京街南,1室1厅,35平米,1800
20190522,西岗,北京公园,21中鞍山路,1室1厅,47平米,2300
20190522,西岗,北京公园,整租·北京街南,2室1厅,53平米,2200
20190522,西岗,北京公园,景润一期,1室1厅,45平米,1700
20190522,西岗,北京公园,银寰大厦,3室2厅,155平米,5500
20190522,西岗,北京公园,东方国际大厦,1室1厅,45平米,2000
20190522,西岗,北京公园,长春花园,2室1厅,80平米,3300
20190522,西岗,北京公园,景润一期,2室1厅,67平米,2100
20190522,西岗,北京公园,北京街南,2室1厅,70平米,2500
20190522,西岗,北京公园,珠江国际大厦,2室1厅,92平米,6000
20190522,西岗,北京公园,远洋风景,1室0厅,37平米,2400
20190522,西岗,北京公园,北京街南,2室1厅,83平米,4600
20190522,西岗,北京公园,金福星大厦,3室2厅,200平米,9167
20190522,西岗,北京公园,龙畔锦城,2室2厅,88平米,3600
20190522,西岗,北京公园,银寰花园,2室2厅,97平米,4000
20190522,西岗,北京公园,北京街北,2室1厅,42平米,1700
20190522,西岗,北京公园,万达高层,2室1厅,82平米,2900
20190522,西岗,北京公园,颐和香榭,2室1厅,49平米,3600
20190522,西岗,北京公园,北京街南,1室0厅,38平米,2400
20190522,西岗,北京公园,万达高层,2室1厅,95平米,2500
20190522,西岗,北京公园,珠江国际大厦,1室1厅,130平米,6800
20190522,西岗,北京公园,润德广场,2室1厅,52平米,2500
20190522,西岗,北京公园,兴业广场,1室1厅,63平米,5000
20190522,西岗,北京公园,兴业广场,1室1厅,67平米,5000
20190522,西岗,北京公园,龙畔锦城,2室1厅,90平米,3000
20190522,西岗,北京公园,远洋风景,2室1厅,94平米,5500
20190522,西岗,北京公园,润德广场,1室1厅,48平米,3000
20190522,西岗,北京公园,北京街南,1室1厅,45平米,1700
20190522,西岗,北京公园,润德广场,1室1厅,47平米,2500
20190522,西岗,北京公园,润德广场,1室1厅,52平米,2600
20190522,西岗,北京公园,北京街北,2室1厅,100平米,5000
20190522,西岗,北京公园,整租·北京街南,1室1厅,49平米,1800
20190522,西岗,北京公园,站北新居,2室1厅,80平米,2600
20190522,西岗,北京公园,北京街南,2室1厅,52平米,2400
20190522,西岗,北京公园,东方国际大厦,1室0厅,37平米,1900
20190522,西岗,北京公园,景润二期,2室1厅,75平米,2500
20190522,西岗,北京公园,润德广场,2室1厅,54平米,3050
20190522,西岗,北京公园,银寰花园,1室1厅,72平米,2000
20190522,西岗,北京公园,同聚街,2室1厅,131平米,7000
20190522,西岗,北京公园,北京街南,1室1厅,35平米,1400
20190522,西岗,北京公园,北京街北,2室0厅,60平米,5000
20190522,西岗,北京公园,北京街南,1室1厅,48平米,2000
20190522,西岗,北京公园,外经贸大厦,1室0厅,50平米,3000
20190522,西岗,北京公园,万达公寓,2室2厅,148平米,4500
20190522,西岗,北京公园,景润一期,2室1厅,80平米,2300
20190522,西岗,北京公园,润德广场,2室1厅,50平米,2700
20190522,西岗,北京公园,北京街北,1室1厅,36平米,1400
20190522,西岗,北京公园,银寰大厦,3室1厅,310平米,13333
20190522,西岗,北京公园,远洋风景,2室1厅,80平米,4400
20190522,西岗,北京公园,整租·银寰花园,2室1厅,83平米,3000
20190522,西岗,北京公园,兴业广场,3室2厅,69平米,4000
20190522,西岗,北京公园,金福星大厦,3室2厅,173平米,7500
20190522,西岗,北京公园,21中鞍山路,2室1厅,65平米,2000
20190522,西岗,北京公园,远洋风景,1室0厅,37平米,2500
20190522,西岗,北京公园,北京街南,1室1厅,40平米,1600
20190522,西岗,北京公园,站北新居,2室2厅,76平米,3000
20190522,西岗,北京公园,万达高层,2室1厅,69平米,2700
20190522,西岗,北京公园,远洋风景,1室0厅,36平米,2500
20190522,西岗,北京公园,龙畔锦城,3室1厅,132平米,6000
20190522,西岗,北京公园,颐和香榭,1室0厅,47平米,3100
20190522,西岗,北京公园,北京街南,2室1厅,56平米,2300
