20190522,沙河口,西安路,合租·北昌平小区,4居室,22平米,1450
20190522,沙河口,西安路,合租·北昌平小区,3居室,15平米,1300
20190522,沙河口,西安路,整租·民权小区,2室1厅,80平米,2900
20190522,沙河口,西安路,合租·天河100,3居室,15平米,1300
20190522,沙河口,西安路,合租·北昌平小区,4居室,15平米,1350
20190522,沙河口,西安路,城品城,2室1厅,82平米,4000
20190522,沙河口,西安路,整租·北昌平小区,2室1厅,80平米,2300
20190522,沙河口,西安路,整租·79中恒泰大厦,1室1厅,47平米,1900
20190522,沙河口,西安路,南昌平小区,3室1厅,95平米,3500
20190522,沙河口,西安路,兴工街,3室1厅,121平米,2800
20190522,沙河口,西安路,整租·黄河路（西安路商圈）,2室1厅,55平米,2200
20190522,沙河口,西安路,79中恒泰大厦,1室1厅,53平米,1800
20190522,沙河口,西安路,富鸿国际大厦,2室2厅,132平米,5000
20190522,沙河口,西安路,合租·北洋小区,4居室,19平米,1100
20190522,沙河口,西安路,北昌平小区,2室1厅,55平米,2000
20190522,沙河口,西安路,民权小区,2室1厅,89平米,2400
20190522,沙河口,西安路,合租·兴工街,4居室,15平米,750
20190522,沙河口,西安路,好利高层,2室1厅,56平米,2400
20190522,沙河口,西安路,天河100,3室2厅,153平米,4800
20190522,沙河口,西安路,北洋小区,2室1厅,88平米,3300
20190522,沙河口,西安路,79中民权小区,2室2厅,89平米,3300
20190522,沙河口,西安路,合租·兴工街,4居室,17平米,850
20190522,沙河口,西安路,整租·北昌平小区,2室2厅,100平米,2200
20190522,沙河口,西安路,北昌平小区,2室1厅,60平米,2600
20190522,沙河口,西安路,北昌平小区,2室1厅,60平米,1850
20190522,沙河口,西安路,清泉小区,2室1厅,80平米,2400
20190522,沙河口,西安路,天兴罗斯福,1室0厅,64平米,3100
20190522,沙河口,西安路,合租·民权小区,3居室,18平米,1050
20190522,沙河口,西安路,合租·宝发金钻,3居室,20平米,1200
20190522,沙河口,西安路,北昌平小区,2室2厅,90平米,3500
20190522,沙河口,西安路,兴工街,2室1厅,46平米,1500
20190522,沙河口,西安路,富鸿国际大厦,3室1厅,132平米,5000
20190522,沙河口,西安路,合租·北昌平小区,5居室,15平米,800
20190522,沙河口,西安路,尚品天城,2室2厅,92平米,3800
20190522,沙河口,西安路,尚品天城,3室2厅,135平米,5500
20190522,沙河口,西安路,南昌平小区,3室2厅,134平米,4000
20190522,沙河口,西安路,合租·西安路,西安路商圈0,18平米,1100
20190522,沙河口,西安路,南昌平小区,2室1厅,55平米,1800
20190522,沙河口,西安路,79中恒泰大厦,2室2厅,97平米,3500
20190522,沙河口,西安路,合租·兴工街,3居室,12平米,750
20190522,沙河口,西安路,民权小区,3室2厅,109平米,3600
20190522,沙河口,西安路,兴工街,2室0厅,58平米,2500
20190522,沙河口,西安路,北昌平小区,1室0厅,15平米,1200
20190522,沙河口,西安路,民权小区,2室2厅,89平米,2800
20190522,沙河口,西安路,合租·天河100,3居室,18平米,800
20190522,沙河口,西安路,合租·南昌平小区,3居室,12平米,750
20190522,沙河口,西安路,整租·西安路,西安路商圈0,50平米,1300
20190522,沙河口,西安路,南昌平小区,2室1厅,73平米,2300
20190522,沙河口,西安路,合租·北昌平小区,4居室,12平米,1250
20190522,沙河口,西安路,合租·机车商厦,4居室,30平米,1000
20190522,沙河口,西安路,整租·天兴罗斯福,2室1厅,117平米,5800
20190522,沙河口,西安路,合租·北昌平小区,5居室,15平米,900
20190522,沙河口,西安路,兴工街,3室1厅,74平米,2500
20190522,沙河口,西安路,尚品天城,3室2厅,118平米,5500
20190522,沙河口,西安路,城品城,2室1厅,82平米,4200
20190522,沙河口,西安路,79中民兴花园二期,2室1厅,110平米,3900
20190522,沙河口,西安路,北昌平小区,1室1厅,40平米,1700
20190522,沙河口,西安路,北昌平小区,4室0厅,79平米,1400
20190522,沙河口,西安路,合租·天河100,3居室,20平米,900
20190522,沙河口,西安路,79中恒泰大厦,1室1厅,54平米,2400
20190522,沙河口,西安路,福佳新天地,1室0厅,40平米,2200
20190522,沙河口,西安路,尚品天城,2室2厅,77平米,3800
20190522,沙河口,西安路,合租·尚品天城,3居室,18平米,1500
20190522,沙河口,西安路,北昌平小区,1室1厅,35平米,1500
20190522,沙河口,西安路,富鸿国际大厦,2室1厅,133平米,5000
20190522,沙河口,西安路,清泉小区,3室1厅,92平米,2800
20190522,沙河口,西安路,整租·天兴罗斯福,1室1厅,136平米,5800
20190522,沙河口,西安路,北昌平小区,1室1厅,47平米,1700
20190522,沙河口,西安路,整租·南昌平小区,1室1厅,40平米,1800
20190522,沙河口,西安路,天兴罗斯福,1室1厅,65平米,3800
20190522,沙河口,西安路,天河公寓,3室1厅,141平米,6500
20190522,沙河口,西安路,中盛家园,4室2厅,186平米,8000
20190522,沙河口,西安路,南昌平小区,2室1厅,48平米,2000
20190522,沙河口,西安路,79中民兴花园二期,2室2厅,103平米,5000
20190522,沙河口,西安路,合租·尚品天城,3居室,15平米,1500
20190522,沙河口,西安路,合租·北昌平小区,3居室,15平米,1150
20190522,沙河口,西安路,好利高层,2室1厅,60平米,2500
20190522,沙河口,西安路,福佳新天地,2室1厅,96平米,5834
20190522,沙河口,西安路,整租·南昌平小区,2室2厅,69平米,2300
20190522,沙河口,西安路,整租·天兴罗斯福,1室0厅,46平米,2600
20190522,沙河口,西安路,天兴罗斯福,1室1厅,66平米,3500
20190522,沙河口,西安路,整租·天兴罗斯福,2室1厅,117平米,5500
20190522,沙河口,西安路,合租·民权小区,3居室,23平米,1050
20190522,沙河口,西安路,整租·天兴罗斯福,1室1厅,68平米,3300
20190522,沙河口,西安路,合租·北昌平小区,3居室,15平米,1250
20190522,沙河口,西安路,福佳新天地,2室1厅,96平米,5500
20190522,沙河口,西安路,合租·兴工街,3居室,20平米,900
20190522,沙河口,西安路,整租·富鸿国际大厦,2室1厅,132平米,4600
20190522,沙河口,西安路,整租·天兴罗斯福,2室2厅,106平米,4900
20190522,沙河口,西安路,整租·天兴罗斯福,2室1厅,102平米,5000
20190522,沙河口,西安路,民权小区,2室2厅,72平米,3500
20190522,沙河口,西安路,整租·天兴罗斯福,2室2厅,106平米,5000
20190522,沙河口,西安路,整租·天兴罗斯福,1室0厅,46平米,2500
20190522,沙河口,西安路,整租·天兴罗斯福,2室1厅,102平米,4950
20190522,沙河口,西安路,整租·天兴罗斯福,1室0厅,48平米,2600
20190522,沙河口,西安路,整租·尚品天城,2室1厅,76平米,3600
20190522,沙河口,西安路,整租·天兴罗斯福,2室2厅,106平米,4800
20190522,沙河口,西安路,整租·天兴罗斯福,1室0厅,48平米,2600
20190522,沙河口,西安路,整租·天兴罗斯福,2室1厅,106平米,4850
20190522,沙河口,西安路,整租·天兴罗斯福,1室0厅,47平米,2600
20190522,沙河口,西安路,整租·天兴罗斯福,1室0厅,46平米,2550
20190522,沙河口,西安路,兴工街,2室1厅,69平米,2000
20190522,沙河口,西安路,北昌平小区,2室0厅,68平米,2000
20190522,沙河口,西安路,兴工街,1室1厅,27平米,1100
20190522,沙河口,西安路,79中民权小区,2室1厅,86平米,2700
20190522,沙河口,西安路,整租·尚品天城,1室0厅,30平米,2000
20190522,沙河口,西安路,城品城,2室1厅,75平米,3500
20190522,沙河口,西安路,兴工街,2室1厅,62平米,2500
20190522,沙河口,西安路,79中民兴花园二期,3室2厅,128平米,6000
20190522,沙河口,西安路,宝发金钻,1室1厅,55平米,2600
20190522,沙河口,西安路,北昌平小区,2室1厅,78平米,2400
20190522,沙河口,西安路,天兴罗斯福,2室1厅,102平米,5700
20190522,沙河口,西安路,天兴罗斯福,1室1厅,64平米,3300
20190522,沙河口,西安路,城市佳园,2室1厅,64平米,2800
20190522,沙河口,西安路,北昌平小区,2室1厅,57平米,2200
20190522,沙河口,西安路,北昌平小区,2室1厅,60平米,2400
20190522,沙河口,西安路,兴工街,2室1厅,74平米,5200
20190522,沙河口,西安路,尚品天城,2室1厅,96平米,5000
20190522,沙河口,西安路,机车商厦,2室1厅,73平米,2900
20190522,沙河口,西安路,北昌平小区,1室0厅,35平米,1650
20190522,沙河口,西安路,福佳新天地,1室1厅,51平米,2600
20190522,沙河口,西安路,福佳新天地,1室1厅,49平米,2300
20190522,沙河口,西安路,城品城,1室0厅,38平米,2600
20190522,沙河口,西安路,北昌平小区,2室1厅,60平米,2200
20190522,沙河口,西安路,北昌平小区,1室1厅,60平米,2400
20190522,沙河口,西安路,北昌平小区,2室0厅,33平米,3900
20190522,沙河口,西安路,整租·兆达和谐苑,1室1厅,64平米,3000
20190522,沙河口,西安路,城市佳园,2室2厅,88平米,3300
20190522,沙河口,西安路,南昌平小区,2室1厅,60平米,1900
20190522,沙河口,西安路,尚品天城,2室1厅,65平米,3000
20190522,沙河口,西安路,北昌平小区,2室1厅,58平米,2300
20190522,沙河口,西安路,尚品天城,2室1厅,70平米,3500
20190522,沙河口,西安路,城品城,1室1厅,54平米,2800
20190522,沙河口,西安路,南昌平小区,3室1厅,91平米,3000
20190522,沙河口,西安路,北昌平小区,2室1厅,65平米,2300
20190522,沙河口,西安路,民权小区,2室2厅,74平米,2300
20190522,沙河口,西安路,富鸿国际大厦,4室0厅,146平米,7500
20190522,沙河口,西安路,南昌平小区,2室2厅,60平米,2100
20190522,沙河口,西安路,兴工街,1室1厅,36平米,1400
20190522,沙河口,西安路,兴工街,2室1厅,80平米,2900
20190522,沙河口,西安路,机车商厦,2室1厅,73平米,3600
20190522,沙河口,西安路,华晟花园,2室2厅,126平米,4500
20190522,沙河口,西安路,尚品天城,3室2厅,119平米,5000
20190522,沙河口,西安路,民权小区,3室1厅,83平米,4000
20190522,沙河口,西安路,北昌平小区,2室1厅,55平米,2200
20190522,沙河口,西安路,兴工街,1室1厅,36平米,1400
20190522,沙河口,西安路,南昌平小区,2室1厅,53平米,2800
20190522,沙河口,西安路,富鸿国际大厦,2室2厅,125平米,4600
20190522,沙河口,西安路,北昌平小区,2室2厅,76平米,2400
20190522,沙河口,西安路,尚品天城,2室2厅,115平米,4500
20190522,沙河口,西安路,民权小区,1室1厅,56平米,2200
20190522,沙河口,西安路,天兴罗斯福,1室0厅,47平米,2600
20190522,沙河口,西安路,北昌平小区,2室1厅,52平米,2300
20190522,沙河口,西安路,福佳新天地,1室0厅,40平米,2100
20190522,沙河口,西安路,天兴罗斯福,1室1厅,70平米,3600
20190522,沙河口,西安路,中盛家园,3室2厅,160平米,6500
20190522,沙河口,西安路,南昌平小区,2室1厅,69平米,2500
20190522,沙河口,西安路,富鸿国际大厦,2室1厅,124平米,6300
20190522,沙河口,西安路,福佳新天地,1室1厅,56平米,2800
20190522,沙河口,西安路,民权小区,1室1厅,52平米,2500
20190522,沙河口,西安路,北昌平小区,2室2厅,53平米,2700
20190522,沙河口,西安路,兴工街,2室1厅,78平米,2300
20190522,沙河口,西安路,北昌平小区,2室1厅,80平米,5500
20190522,沙河口,西安路,福佳新天地,1室0厅,36平米,2200
20190522,沙河口,西安路,北昌平小区,2室1厅,60平米,2600
20190522,沙河口,西安路,尚品天城,2室1厅,65平米,3500
20190522,沙河口,西安路,北昌平小区,2室1厅,85平米,2500
20190522,沙河口,西安路,尚品天城,3室2厅,146平米,7200
20190522,沙河口,西安路,天兴罗斯福,1室0厅,47平米,2500
20190522,沙河口,西安路,北昌平小区,1室1厅,40平米,1700
20190522,沙河口,西安路,天兴罗斯福,1室0厅,48平米,2650
20190522,沙河口,西安路,兴工街,2室1厅,50平米,2000
20190522,沙河口,西安路,尚品天城,2室1厅,83平米,3600
20190522,沙河口,西安路,尚品天城,2室1厅,78平米,3500
20190522,沙河口,西安路,南昌平小区,3室2厅,137平米,3700
20190522,沙河口,西安路,机车商厦,2室2厅,81平米,3500
20190522,沙河口,西安路,城品城,2室1厅,100平米,4700
20190522,沙河口,西安路,兴工街,3室0厅,72平米,4000
20190522,沙河口,西安路,北昌平小区,2室0厅,50平米,2300
20190522,沙河口,西安路,好利高层,2室1厅,60平米,2400
20190522,沙河口,西安路,南昌平小区,1室1厅,36平米,2000
20190522,沙河口,西安路,北昌平小区,2室1厅,76平米,2300
20190522,沙河口,西安路,79中民兴花园二期,3室2厅,120平米,5800
20190522,沙河口,西安路,北昌平小区,2室1厅,46平米,2200
20190522,沙河口,西安路,南昌平小区,3室1厅,106平米,3500
20190522,沙河口,西安路,南昌平小区,3室1厅,66平米,2600
20190522,沙河口,西安路,北昌平小区,2室1厅,60平米,2200
20190522,沙河口,西安路,北昌平小区,3室1厅,81平米,2900
20190522,沙河口,西安路,兴工街,2室1厅,48平米,1700
20190522,沙河口,西安路,富鸿国际大厦,2室2厅,124平米,4200
20190522,沙河口,西安路,兴工街,3室1厅,71平米,3000
20190522,沙河口,西安路,北昌平小区,2室1厅,55平米,2500
20190522,沙河口,西安路,民权小区,3室1厅,108平米,6500
20190522,沙河口,西安路,北洋小区,2室1厅,85平米,3000
20190522,沙河口,西安路,城品城,1室1厅,52平米,2800
20190522,沙河口,西安路,清泉小区,3室1厅,97平米,3200
20190522,沙河口,西安路,兴工街,3室0厅,61平米,2500
20190522,沙河口,西安路,城市佳园,2室1厅,88平米,3200
20190522,沙河口,西安路,北昌平小区,3室1厅,115平米,3500
20190522,沙河口,西安路,福佳新天地,1室1厅,52平米,2500
20190522,沙河口,西安路,整租·福佳新天地,1室0厅,43平米,2300
20190522,沙河口,西安路,福佳新天地,1室0厅,40平米,2000
20190522,沙河口,西安路,北昌平小区,1室1厅,34平米,900
20190522,沙河口,西安路,尚品天城,3室2厅,105平米,4500
20190522,沙河口,西安路,好利高层,1室1厅,50平米,1900
20190522,沙河口,西安路,民权小区,1室1厅,48平米,2200
20190522,沙河口,西安路,兴工街,2室1厅,55平米,2000
20190522,沙河口,西安路,南昌平小区,1室1厅,53平米,2000
20190522,沙河口,西安路,尚品天城,1室1厅,61平米,3500
20190522,沙河口,西安路,兴工街,2室1厅,49平米,1650
20190522,沙河口,西安路,天兴罗斯福,1室0厅,47平米,2500
20190522,沙河口,西安路,兴工街,2室1厅,50平米,2400
20190522,沙河口,西安路,天兴罗斯福,1室0厅,47平米,2400
20190522,沙河口,西安路,福佳新天地,1室1厅,52平米,2800
20190522,沙河口,西安路,福佳新天地,1室0厅,49平米,2400
20190522,沙河口,西安路,天兴罗斯福,1室1厅,66平米,3200
20190522,沙河口,西安路,南昌平小区,1室1厅,40平米,1850
20190522,沙河口,西安路,天兴罗斯福,1室0厅,100平米,8500
20190522,沙河口,西安路,北昌平小区,1室1厅,33平米,1400
20190522,沙河口,西安路,南昌平小区,2室1厅,74平米,2400
20190522,沙河口,西安路,整租·兆达和谐苑,2室1厅,91平米,4500
20190522,沙河口,西安路,福佳新天地,1室0厅,40平米,2100
20190522,沙河口,西安路,北昌平小区,2室0厅,40平米,1600
20190522,沙河口,西安路,整租·福佳新天地,1室1厅,50平米,2500
20190522,沙河口,西安路,北昌平小区,1室1厅,38平米,1300
20190522,沙河口,西安路,福佳新天地,1室1厅,49平米,2600
20190522,沙河口,西安路,兴工街,3室1厅,80平米,3000
20190522,沙河口,西安路,兴工街,2室0厅,45平米,2300
20190522,沙河口,西安路,兴工街,1室1厅,36平米,1700
20190522,沙河口,西安路,尚品天城,2室1厅,61平米,3600
20190522,沙河口,西安路,北昌平小区,2室1厅,55平米,2300
20190522,沙河口,西安路,北昌平小区,1室1厅,52平米,1200
20190522,沙河口,西安路,北昌平小区,1室1厅,43平米,1800
20190522,沙河口,西安路,民权小区,2室1厅,70平米,5000
20190522,沙河口,西安路,尚品天城,2室1厅,135平米,5500
20190522,沙河口,西安路,福佳新天地,1室0厅,40平米,2100
20190522,沙河口,西安路,北昌平小区,1室1厅,34平米,1900
20190522,沙河口,西安路,福佳新天地,1室0厅,38平米,2300
20190522,沙河口,西安路,南昌平小区,2室1厅,60平米,2500
20190522,沙河口,西安路,整租·北昌平小区,2室1厅,60平米,3600
20190522,沙河口,西安路,北昌平小区,1室0厅,26平米,1400
20190522,沙河口,西安路,天兴罗斯福,2室1厅,117平米,6500
20190522,沙河口,西安路,尚品天城,2室1厅,62平米,3800
20190522,沙河口,西安路,民权小区,1室1厅,45平米,1900
20190522,沙河口,西安路,79中恒泰大厦,1室1厅,50平米,2100
20190522,沙河口,西安路,兴工街,2室1厅,51平米,2000
20190522,沙河口,西安路,兴工街,2室1厅,52平米,1700
20190522,沙河口,西安路,北昌平小区,2室1厅,52平米,2000
20190522,沙河口,西安路,兴工街,2室0厅,49平米,2100
20190522,沙河口,西安路,福佳新天地,1室1厅,54平米,2500
20190522,沙河口,西安路,兴工街,1室1厅,40平米,1800
20190522,沙河口,西安路,北昌平小区,2室0厅,56平米,1800
20190522,沙河口,西安路,兴工街,2室1厅,51平米,2200
20190522,沙河口,西安路,富鸿国际大厦,1室1厅,133平米,8000
20190522,沙河口,西安路,富鸿国际大厦,1室1厅,124平米,7000
20190522,沙河口,西安路,兴工街,1室0厅,35平米,1700
20190522,沙河口,西安路,福佳新天地,1室0厅,53平米,2500
20190522,沙河口,西安路,南昌平小区,1室1厅,80平米,2500
20190522,沙河口,西安路,尚品天城,1室1厅,64平米,3700
20190522,沙河口,西安路,天兴罗斯福,2室1厅,85平米,6200
20190522,沙河口,西安路,福佳新天地,1室0厅,51平米,2500
20190522,沙河口,西安路,北昌平小区,1室1厅,20平米,2800
20190522,沙河口,西安路,清泉小区,2室1厅,57平米,2200
20190522,沙河口,西安路,民权小区,1室1厅,59平米,2500
20190522,沙河口,西安路,福佳新天地,1室0厅,40平米,2200
20190522,沙河口,西安路,南昌平小区,2室1厅,58平米,2400
20190522,沙河口,西安路,兴工街,2室1厅,65平米,4500
20190522,沙河口,西安路,北昌平小区,2室1厅,79平米,3000
20190522,沙河口,西安路,北昌平小区,2室0厅,45平米,2000
20190522,沙河口,西安路,整租·民权小区,1室1厅,56平米,2100
20190522,沙河口,西安路,北昌平小区,1室1厅,43平米,2200
20190522,沙河口,西安路,富鸿国际大厦,2室1厅,132平米,5000
20190522,沙河口,西安路,兴工街,3室0厅,58平米,2000
20190522,沙河口,西安路,北昌平小区,1室1厅,40平米,1700
20190522,沙河口,西安路,79中民权小区,2室1厅,93平米,3800
20190522,沙河口,西安路,城市佳园,2室2厅,93平米,3500
20190522,沙河口,西安路,北昌平小区,2室1厅,60平米,2400
20190522,沙河口,西安路,福佳新天地,1室1厅,55平米,3000
20190522,沙河口,西安路,天河公寓,2室1厅,250平米,11000
20190522,沙河口,西安路,城品城,1室1厅,50平米,2800
20190522,沙河口,西安路,天河公寓,2室1厅,97平米,3300
20190522,沙河口,西安路,尚品天城,2室2厅,135平米,7500
20190522,沙河口,西安路,宝发金钻,2室1厅,79平米,3900
20190522,沙河口,西安路,北昌平小区,2室1厅,65平米,4500
20190522,沙河口,西安路,兆达和谐苑,2室1厅,65平米,3600
20190522,沙河口,西安路,民权小区,2室1厅,74平米,2900
20190522,沙河口,西安路,北昌平小区,1室1厅,40平米,1800
20190522,沙河口,西安路,北昌平小区,1室1厅,40平米,1600
20190522,沙河口,西安路,民权小区,2室2厅,82平米,2800
20190522,沙河口,西安路,民权小区,3室2厅,130平米,4000
20190522,沙河口,西安路,福佳新天地,1室0厅,40平米,2200
20190522,沙河口,西安路,宝发金钻,1室1厅,48平米,2500
20190522,沙河口,西安路,福佳新天地,1室1厅,50平米,2600
20190522,沙河口,西安路,兴工街,1室1厅,56平米,2300
20190522,沙河口,西安路,黄河路（西安路商圈）,2室1厅,77平米,2300
20190522,沙河口,西安路,北昌平小区,2室1厅,50平米,1700
20190522,沙河口,西安路,城市佳园,2室1厅,93平米,3600
20190522,沙河口,西安路,北昌平中长街,2室2厅,80平米,2900
20190522,沙河口,西安路,南昌平小区,3室1厅,76平米,800
20190522,沙河口,西安路,兴工街,2室2厅,74平米,2600
20190522,沙河口,西安路,民权小区,3室1厅,100平米,6000
20190522,沙河口,西安路,北昌平小区,2室1厅,90平米,3300
20190522,沙河口,西安路,兆达和谐苑,3室1厅,135平米,5000
20190522,沙河口,西安路,南昌平小区,2室1厅,45平米,2500
20190522,沙河口,西安路,福佳新天地,1室1厅,40平米,2000
20190522,沙河口,西安路,宝发金钻,2室1厅,78平米,3550
20190522,沙河口,西安路,兴工街,2室0厅,53平米,2000
20190522,沙河口,西安路,北昌平小区,2室1厅,41平米,1500
20190522,沙河口,西安路,79中民权小区,2室1厅,130平米,4000
20190522,沙河口,西安路,天兴罗斯福,1室1厅,61平米,3500
20190522,沙河口,西安路,兆达和谐苑,1室1厅,64平米,3000
20190522,沙河口,西安路,整租·民权小区,1室1厅,53平米,2500
20190522,沙河口,西安路,福佳新天地,2室1厅,97平米,5000
20190522,沙河口,西安路,兴工街,2室1厅,78平米,2800
20190522,沙河口,西安路,北昌平小区,1室1厅,45平米,2500
20190522,沙河口,西安路,兴工街,3室1厅,70平米,900
20190522,沙河口,西安路,民权小区,2室1厅,52平米,1300
20190522,沙河口,西安路,北昌平小区,1室1厅,40平米,1400
20190522,沙河口,西安路,机车商厦,3室1厅,100平米,4000
20190522,沙河口,西安路,北昌平小区,1室1厅,40平米,1900
20190522,沙河口,西安路,兴工街,2室1厅,49平米,2300
20190522,沙河口,西安路,79中民兴花园二期,1室1厅,65平米,3000
20190522,沙河口,西安路,民权小区,2室1厅,74平米,1100
20190522,沙河口,西安路,兆达和谐苑,1室0厅,30平米,2200
20190522,沙河口,西安路,北昌平小区,2室0厅,51平米,1800
20190522,沙河口,西安路,兴工街,2室1厅,84平米,2000
20190522,沙河口,西安路,兴工街,2室1厅,82平米,2800
20190522,沙河口,西安路,天兴罗斯福,1室0厅,46平米,2500
20190522,沙河口,西安路,民权小区,1室1厅,53平米,2500
20190522,沙河口,西安路,民权小区,1室1厅,50平米,2200
20190522,沙河口,西安路,兴工街,2室2厅,72平米,9000
20190522,沙河口,西安路,北昌平小区,2室2厅,85平米,3000
20190522,沙河口,西安路,兴工街,2室1厅,45平米,2400
20190522,沙河口,西安路,北昌平小区,2室1厅,62平米,2800
20190522,沙河口,西安路,北昌平小区,2室1厅,71平米,3200
20190522,沙河口,西安路,兴工街,2室1厅,55平米,2100
20190522,沙河口,西安路,北昌平小区,1室1厅,40平米,1600
20190522,沙河口,西安路,尚品天城,3室1厅,86平米,4000
20190522,沙河口,西安路,尚品天城,3室2厅,135平米,3800
20190522,沙河口,西安路,天兴罗斯福,1室1厅,71平米,3500
20190522,沙河口,西安路,福佳新天地,1室1厅,39平米,2300
20190522,沙河口,西安路,民权小区,1室1厅,40平米,1700
20190522,沙河口,西安路,尚品天城,2室1厅,95平米,4200
20190522,沙河口,西安路,北昌平小区,2室1厅,56平米,2400
20190522,沙河口,西安路,城品城,2室1厅,84平米,3800
20190522,沙河口,西安路,兴工街,2室1厅,81平米,2800
20190522,沙河口,西安路,北昌平小区,2室1厅,56平米,2200
20190522,沙河口,西安路,南昌平小区,2室1厅,60平米,2500
20190522,沙河口,西安路,北昌平小区,1室0厅,30平米,1500
20190522,沙河口,西安路,城品城,1室1厅,47平米,2900
20190522,沙河口,西安路,富鸿国际大厦,1室0厅,102平米,4500
20190522,沙河口,西安路,南昌平小区,1室1厅,87平米,3200
20190522,沙河口,西安路,北昌平小区,1室1厅,46平米,2000
20190522,沙河口,西安路,79中五四华庭,2室1厅,112平米,6500
20190522,沙河口,西安路,尚品天城,2室2厅,135平米,7500
20190522,沙河口,西安路,兴工街,2室2厅,80平米,2900
20190522,沙河口,西安路,兆达和谐苑,1室0厅,30平米,2100
20190522,沙河口,西安路,南昌平小区,2室1厅,45平米,1700
20190522,沙河口,西安路,民权小区,1室1厅,56平米,2000
20190522,沙河口,西安路,北昌平小区,3室2厅,105平米,3200
20190522,沙河口,西安路,北洋小区,1室1厅,48平米,2200
20190522,沙河口,西安路,北昌平小区,3室1厅,80平米,3500
20190522,沙河口,西安路,整租·民权小区,2室1厅,86平米,3000
20190522,沙河口,西安路,兴工街,1室1厅,40平米,1400
20190522,沙河口,西安路,南昌平小区,2室1厅,51平米,1400
20190522,沙河口,西安路,北洋小区,3室2厅,101平米,15000
20190522,沙河口,西安路,北昌平小区,2室1厅,51平米,2300
20190522,沙河口,西安路,尚品天城,2室1厅,75平米,3600
20190522,沙河口,西安路,福佳新天地,1室1厅,53平米,2500
20190522,沙河口,西安路,北昌平小区,1室0厅,14平米,3000
20190522,沙河口,西安路,北昌平小区,2室0厅,60平米,2800
20190522,沙河口,西安路,宝发金钻,2室1厅,72平米,3500
20190522,沙河口,西安路,天兴罗斯福,3室0厅,450平米,46000
20190522,沙河口,西安路,福佳新天地,1室1厅,50平米,2600
20190522,沙河口,西安路,民权小区,2室1厅,68平米,2000
20190522,沙河口,西安路,南昌平小区,2室1厅,72平米,2100
20190522,沙河口,西安路,北昌平小区,2室1厅,67平米,2000
20190522,沙河口,西安路,兆达和谐苑,1室1厅,30平米,2100
20190522,沙河口,西安路,尚品天城,2室1厅,80平米,3500
20190522,沙河口,西安路,北昌平小区,2室1厅,68平米,3500
20190522,沙河口,西安路,福佳新天地,1室0厅,40平米,2200
20190522,沙河口,西安路,兴工街,2室1厅,56平米,2200
20190522,沙河口,西安路,兴工街,1室1厅,41平米,1500
20190522,沙河口,西安路,北昌平小区,1室1厅,36平米,1400
20190522,沙河口,西安路,兴工街,1室1厅,37平米,1800
20190522,沙河口,西安路,尚品天城,2室1厅,79平米,4000
20190522,沙河口,西安路,北昌平小区,2室1厅,57平米,1900
20190522,沙河口,西安路,福佳新天地,1室0厅,50平米,2450
20190522,沙河口,西安路,天兴罗斯福,2室1厅,110平米,6000
20190522,沙河口,西安路,整租·尚品天城,2室1厅,96平米,5200
20190522,沙河口,西安路,福佳新天地,1室0厅,50平米,2300
20190522,沙河口,西安路,兴工街,1室1厅,52平米,2000
20190522,沙河口,西安路,兴工街,1室1厅,43平米,1400
20190522,沙河口,西安路,北昌平小区,1室1厅,43平米,1600
20190522,沙河口,西安路,城品城,1室0厅,100平米,4700
20190522,沙河口,西安路,79中民权小区,2室1厅,77平米,2500
20190522,沙河口,西安路,华晟花园,1室1厅,300平米,16500
20190522,沙河口,西安路,北昌平小区,1室0厅,28平米,2750
20190522,沙河口,西安路,北昌平小区,1室0厅,32平米,1100
20190522,沙河口,西安路,民权小区,2室1厅,68平米,2500
20190522,沙河口,西安路,兴工街,2室1厅,60平米,2400
20190522,沙河口,西安路,福佳新天地,3室1厅,136平米,6800
20190522,沙河口,西安路,福佳新天地,1室0厅,45平米,2500
20190522,沙河口,西安路,福佳新天地,1室0厅,54平米,2500
20190522,沙河口,西安路,尚品天城,2室1厅,61平米,3800
20190522,沙河口,西安路,兴工街,3室1厅,132平米,5000
20190522,沙河口,西安路,福佳新天地,2室1厅,96平米,5834
20190522,沙河口,西安路,兴工街,2室1厅,55平米,2000
20190522,沙河口,西安路,北昌平小区,2室1厅,60平米,2600
20190522,沙河口,西安路,北昌平小区,4室2厅,90平米,3000
20190522,沙河口,西安路,宝发金钻,2室1厅,72平米,3300
20190522,沙河口,西安路,华晟花园,3室2厅,145平米,6300
20190522,沙河口,西安路,南昌平小区,2室1厅,55平米,2100
20190522,沙河口,西安路,南昌平小区,3室1厅,67平米,2800
20190522,沙河口,西安路,宝发金钻,1室1厅,49平米,2400
20190522,沙河口,西安路,北昌平小区,2室1厅,51平米,1700
20190522,沙河口,西安路,清泉小区,2室2厅,96平米,2700
20190522,沙河口,西安路,北昌平小区,1室1厅,36平米,1400
20190522,沙河口,西安路,中盛家园,2室1厅,101平米,4800
20190522,沙河口,西安路,福佳新天地,2室1厅,77平米,4300
20190522,沙河口,幸福e家,星台花园一期,2室2厅,75平米,2700
20190522,沙河口,幸福e家,幸福e家五期,3室2厅,129平米,6000
20190522,沙河口,幸福e家,幸福e家五期,4室2厅,168平米,5500
20190522,沙河口,幸福e家,幸福e家五期,2室1厅,103平米,4300
20190522,沙河口,幸福e家,整租·幸福e家二期,3室1厅,115平米,4200
20190522,沙河口,幸福e家,幸福e家五期,2室1厅,106平米,4500
20190522,沙河口,幸福e家,幸福e家三期,1室1厅,63平米,2400
20190522,沙河口,幸福e家,整租·幸福e家四期,3室2厅,136平米,7000
20190522,沙河口,幸福e家,星台花园二期,2室2厅,89平米,3200
20190522,沙河口,幸福e家,幸福e家五期,2室1厅,106平米,4500
20190522,沙河口,幸福e家,幸福e家五期,2室2厅,97平米,5000
20190522,沙河口,幸福e家,幸福e家五期,3室1厅,113平米,5300
20190522,沙河口,幸福e家,幸福e家五期,1室1厅,61平米,2600
20190522,沙河口,幸福e家,星台花园一期,3室2厅,107平米,3100
20190522,沙河口,幸福e家,幸福e家四期,3室1厅,160平米,10000
20190522,沙河口,幸福e家,幸福e家二期,3室1厅,115平米,4500
20190522,沙河口,幸福e家,星台花园一期,4室2厅,88平米,3500
20190522,沙河口,幸福e家,幸福e家四期,2室1厅,90平米,4100
20190522,沙河口,幸福e家,幸福e家三期,1室1厅,62平米,2400
20190522,沙河口,幸福e家,整租·幸福e家五期,1室1厅,55平米,2000
20190522,沙河口,幸福e家,星台花园一期,2室0厅,40平米,1300
20190522,沙河口,幸福e家,幸福e家五期,1室0厅,42平米,2000
20190522,沙河口,幸福e家,幸福e家五期,1室1厅,53平米,2400
20190522,沙河口,幸福e家,幸福e家二期,1室0厅,46平米,2600
20190522,沙河口,幸福e家,整租·幸福e家三期,2室1厅,81平米,3300
20190522,沙河口,幸福e家,幸福e家三期,1室1厅,59平米,2600
20190522,沙河口,幸福e家,幸福e家五期,2室1厅,101平米,4500
20190522,沙河口,幸福e家,幸福e家五期,1室0厅,53平米,2600
20190522,沙河口,幸福e家,幸福e家三期,1室1厅,59平米,2500
20190522,沙河口,幸福e家,幸福e家五期,2室1厅,100平米,4800
20190522,沙河口,幸福e家,幸福e家五期,2室2厅,102平米,4500
20190522,沙河口,幸福e家,幸福e家一期,2室2厅,91平米,4000
20190522,沙河口,幸福e家,幸福e家五期,2室2厅,97平米,4200
20190522,沙河口,幸福e家,幸福e家五期,1室0厅,53平米,2500
20190522,沙河口,幸福e家,整租·幸福e家五期,3室1厅,108平米,5200
20190522,沙河口,幸福e家,幸福e家四期,2室1厅,111平米,4600
20190522,沙河口,幸福e家,幸福e家四期,2室1厅,97平米,4300
20190522,沙河口,幸福e家,幸福e家三期,2室1厅,82平米,3300
20190522,沙河口,幸福e家,幸福e家五期,2室0厅,53平米,2600
20190522,沙河口,幸福e家,幸福e家四期,2室2厅,53平米,7000
20190522,沙河口,幸福e家,星台花园一期,3室2厅,123平米,3200
20190522,沙河口,幸福e家,幸福e家五期,1室0厅,54平米,2400
20190522,沙河口,幸福e家,幸福e家五期,3室2厅,165平米,15000
20190522,沙河口,幸福e家,世嘉星海,3室1厅,152平米,8500
20190522,沙河口,幸福e家,幸福e家五期,1室1厅,59平米,2600
20190522,沙河口,幸福e家,幸福e家三期,1室1厅,40平米,1800
20190522,沙河口,幸福e家,幸福e家五期,1室2厅,53平米,2700
20190522,沙河口,幸福e家,幸福e家三期,1室0厅,35平米,1900
20190522,沙河口,幸福e家,幸福e家三期,2室1厅,68平米,2400
20190522,沙河口,幸福e家,幸福e家五期,1室1厅,53平米,2600
20190522,沙河口,幸福e家,幸福e家五期,1室1厅,43平米,2500
20190522,沙河口,幸福e家,幸福e家三期,1室1厅,53平米,2400
20190522,沙河口,幸福e家,幸福e家五期,1室0厅,42平米,2200
20190522,沙河口,幸福e家,幸福e家二期,1室0厅,46平米,2400
20190522,沙河口,幸福e家,幸福e家三期,1室0厅,53平米,2200
20190522,沙河口,幸福e家,幸福e家三期,1室0厅,39平米,1900
20190522,沙河口,幸福e家,星台花园二期,2室2厅,88平米,2500
20190522,沙河口,幸福e家,幸福e家五期,2室1厅,54平米,2700
20190522,沙河口,幸福e家,幸福e家五期,1室1厅,46平米,2400
20190522,沙河口,幸福e家,幸福e家三期,1室0厅,53平米,2200
20190522,沙河口,幸福e家,幸福e家五期,1室0厅,53平米,2500
20190522,沙河口,幸福e家,幸福e家三期,1室0厅,39平米,2000
20190522,沙河口,幸福e家,幸福e家五期,1室0厅,47平米,2500
20190522,沙河口,幸福e家,幸福e家五期,1室0厅,60平米,2500
20190522,沙河口,幸福e家,星台花园二期,2室1厅,88平米,2800
20190522,沙河口,幸福e家,幸福e家三期,1室0厅,54平米,2500
20190522,沙河口,幸福e家,星台花园一期,1室1厅,35平米,1600
20190522,沙河口,幸福e家,幸福e家五期,1室0厅,46平米,2300
20190522,沙河口,幸福e家,幸福e家五期,2室2厅,91平米,5400
20190522,沙河口,幸福e家,幸福e家五期,1室0厅,46平米,2400
20190522,沙河口,幸福e家,幸福e家三期,1室2厅,71平米,2300
20190522,沙河口,幸福e家,幸福e家五期,1室0厅,58平米,2500
20190522,沙河口,幸福e家,幸福e家五期,1室0厅,46平米,2300
20190522,沙河口,幸福e家,星台花园二期,2室1厅,101平米,5000
20190522,沙河口,幸福e家,幸福e家五期,1室0厅,53平米,2300
20190522,沙河口,幸福e家,幸福e家五期,2室1厅,93平米,4600
20190522,沙河口,幸福e家,星台花园一期,2室2厅,90平米,2800
20190522,沙河口,幸福e家,幸福e家五期,1室1厅,42平米,2300
20190522,沙河口,幸福e家,幸福e家二期,1室1厅,50平米,750
20190522,沙河口,幸福e家,幸福e家五期,1室0厅,40平米,2500
20190522,沙河口,幸福e家,幸福e家三期,1室1厅,53平米,2400
20190522,沙河口,幸福e家,幸福e家五期,1室1厅,53平米,3000
20190522,沙河口,幸福e家,幸福e家五期,1室0厅,53平米,2500
20190522,沙河口,幸福e家,幸福e家三期,1室1厅,51平米,2500
20190522,沙河口,幸福e家,幸福e家三期,2室1厅,82平米,3000
20190522,沙河口,幸福e家,幸福e家五期,1室1厅,53平米,2600
20190522,沙河口,幸福e家,幸福e家三期,2室2厅,82平米,3400
20190522,沙河口,幸福e家,幸福e家五期,1室1厅,48平米,2000
20190522,沙河口,幸福e家,星台花园一期,2室1厅,61平米,2100
20190522,沙河口,幸福e家,幸福e家五期,1室0厅,46平米,2300
20190522,沙河口,幸福e家,幸福e家五期,1室0厅,46平米,2200
20190522,沙河口,幸福e家,幸福e家三期,1室0厅,40平米,1800
20190522,沙河口,幸福e家,幸福e家三期,1室0厅,39平米,2000
20190522,沙河口,幸福e家,星台花园一期,1室1厅,35平米,2000
20190522,沙河口,幸福e家,幸福e家三期,2室1厅,69平米,2600
20190522,沙河口,幸福e家,幸福e家三期,1室1厅,62平米,2500
20190522,沙河口,幸福e家,幸福e家三期,1室1厅,53平米,2500
20190522,沙河口,幸福e家,幸福e家五期,2室1厅,94平米,4500
20190522,沙河口,幸福e家,幸福e家五期,2室2厅,103平米,4400
20190522,沙河口,幸福e家,星台花园一期,1室1厅,50平米,1850
20190522,沙河口,幸福e家,星台花园一期,1室1厅,33平米,1500
20190522,沙河口,幸福e家,幸福e家三期,1室0厅,40平米,1900
20190522,沙河口,幸福e家,幸福e家三期,1室0厅,39平米,2000
20190522,沙河口,幸福e家,幸福e家三期,1室1厅,62平米,2700
20190522,沙河口,幸福e家,幸福e家三期,1室1厅,53平米,2200
20190522,沙河口,幸福e家,幸福e家三期,1室0厅,40平米,1700
20190522,沙河口,幸福e家,幸福e家三期,2室1厅,51平米,3000
20190522,沙河口,幸福e家,幸福e家四期,2室2厅,97平米,5000
20190522,沙河口,幸福e家,幸福e家五期,1室0厅,53平米,2600
20190522,沙河口,星海广场,金玉星海,3室1厅,180平米,8800
20190522,沙河口,星海广场,世纪经典,4室2厅,290平米,16666
20190522,沙河口,星海广场,星海国际金融中心,6室2厅,424平米,52000
20190522,沙河口,星海广场,合租·星海二街,4居室,28平米,1250
20190522,沙河口,星海广场,独栋·职业房东,星海大观店,45平米,5000-6000
20190522,沙河口,星海广场,整租·大连明珠,4室1厅,197平米,12500
20190522,沙河口,星海广场,星海大观,3室2厅,277平米,16000
20190522,沙河口,星海广场,星海国际金融中心,6室2厅,429平米,29166
20190522,沙河口,星海广场,星海国际金融中心,6室2厅,424平米,29166
20190522,沙河口,星海广场,星海阳光,6室2厅,305平米,15000
20190522,沙河口,星海广场,星海阳光,4室2厅,307平米,25000
20190522,沙河口,星海广场,合租·星海二街,4居室,20平米,950
20190522,沙河口,星海广场,大连明珠,3室2厅,225平米,10833
20190522,沙河口,星海广场,整租·星海国际金融中心,6室1厅,430平米,30000
20190522,沙河口,星海广场,大连明珠,3室2厅,225平米,15000
20190522,沙河口,星海广场,大连明珠,4室2厅,223平米,16000
20190522,沙河口,星海广场,整租·星海大观,2室1厅,91平米,5800
20190522,沙河口,星海广场,整租·大连明珠,3室2厅,194平米,10833
20190522,沙河口,星海广场,星海国际金融中心,6室1厅,425平米,38000
20190522,沙河口,星海广场,大连明珠,4室2厅,330平米,35000
20190522,沙河口,星海广场,整租·星海阳光,4室2厅,338平米,25000
20190522,沙河口,星海广场,整租·大连明珠,3室2厅,197平米,15000
20190522,沙河口,星海广场,大连明珠,3室2厅,197平米,11000
20190522,沙河口,星海广场,整租·大连明珠,3室1厅,275平米,29000
20190522,沙河口,星海广场,大连明珠,3室2厅,225平米,18000
20190522,沙河口,星海广场,星海阳光,3室2厅,165平米,8333
20190522,沙河口,星海广场,东方星海,2室1厅,90平米,5833
20190522,沙河口,星海广场,合租·星海二街,5居室,23平米,1000
20190522,沙河口,星海广场,合租·星海二街,4居室,25平米,1100
20190522,沙河口,星海广场,整租·星海国际金融中心,6室2厅,430平米,50000
20190522,沙河口,星海广场,星海国宝,4室2厅,239平米,12000
20190522,沙河口,星海广场,大连明珠,3室1厅,274平米,23000
20190522,沙河口,星海广场,星海国宝,3室2厅,217平米,10667
20190522,沙河口,星海广场,星海花园,3室1厅,137平米,5500
20190522,沙河口,星海广场,整租·星海大观,4室2厅,286平米,18333
20190522,沙河口,星海广场,星海国际金融中心,5室1厅,430平米,50000
20190522,沙河口,星海广场,大连明珠,3室2厅,225平米,15000
20190522,沙河口,星海广场,星海大观,3室2厅,84平米,12000
20190522,沙河口,星海广场,整租·壹品星海一期,3室2厅,162平米,7000
20190522,沙河口,星海广场,合租·星海二街,5居室,20平米,980
20190522,沙河口,星海广场,整租·星海国宝,4室2厅,434平米,18000
20190522,沙河口,星海广场,亿达杰特,1室1厅,74平米,7500
20190522,沙河口,星海广场,星海旺座,1室1厅,93平米,5500
20190522,沙河口,星海广场,金玉星海,2室2厅,168平米,7500
20190522,沙河口,星海广场,合租·星海二街,5居室,21平米,980
20190522,沙河口,星海广场,星海大观,1室1厅,96平米,6500
20190522,沙河口,星海广场,金玉星海,4室1厅,249平米,11000
20190522,沙河口,星海广场,壹品星海三期,2室1厅,108平米,5300
20190522,沙河口,星海广场,壹品星海二期,4室2厅,229平米,15000
20190522,沙河口,星海广场,合租·星海二街,5居室,20平米,930
20190522,沙河口,星海广场,整租·星海国宝,3室2厅,216平米,12000
20190522,沙河口,星海广场,星海国宝,3室2厅,217平米,12000
20190522,沙河口,星海广场,合租·星海二街,5居室,19平米,900
20190522,沙河口,星海广场,合租·星海二街,5居室,20平米,950
20190522,沙河口,星海广场,壹品星海二期,4室2厅,200平米,11000
20190522,沙河口,星海广场,壹品星海一期,2室2厅,101平米,5500
20190522,沙河口,星海广场,整租·星海大观,2室1厅,91平米,4700
20190522,沙河口,星海广场,世纪经典,2室2厅,279平米,15833
20190522,沙河口,星海广场,壹品星海一期,3室1厅,149平米,8000
20190522,沙河口,星海广场,整租·百年汇,2室1厅,160平米,12500
20190522,沙河口,星海广场,星海大观,2室1厅,92平米,5000
20190522,沙河口,星海广场,亿达杰特,3室2厅,180平米,12500
20190522,沙河口,星海广场,整租·星海国宝,4室2厅,247平米,18333
20190522,沙河口,星海广场,金玉星海,4室2厅,242平米,13333
20190522,沙河口,星海广场,世纪经典,3室1厅,300平米,15833
20190522,沙河口,星海广场,整租·星海大观,3室1厅,196平米,14167
20190522,沙河口,星海广场,壹品星海二期,3室2厅,197平米,12000
20190522,沙河口,星海广场,星海大观,3室2厅,102平米,12000
20190522,沙河口,星海广场,星海国宝,3室2厅,193平米,12000
20190522,沙河口,星海广场,星海国宝,4室2厅,247平米,12000
20190522,沙河口,星海广场,世纪经典,5室2厅,281平米,19000
20190522,沙河口,星海广场,整租·金玉星海,3室1厅,249平米,16666
20190522,沙河口,星海广场,壹品星海二期,5室2厅,205平米,13000
20190522,沙河口,星海广场,大连明珠,3室2厅,218平米,12500
20190522,沙河口,星海广场,星海国宝,3室1厅,217平米,14000
20190522,沙河口,星海广场,百年汇,2室1厅,160平米,20000
20190522,沙河口,星海广场,整租·星海大观,5室2厅,277平米,17500
20190522,沙河口,星海广场,大连明珠,3室1厅,194平米,20000
20190522,沙河口,星海广场,星海国宝,4室1厅,248平米,10000
20190522,沙河口,星海广场,星海大观,4室2厅,182平米,11666
20190522,沙河口,星海广场,大连明珠,2室1厅,162平米,10000
20190522,沙河口,星海广场,整租·星海大观,3室2厅,188平米,12500
20190522,沙河口,星海广场,星海阳光,2室2厅,142平米,7300
20190522,沙河口,星海广场,百年汇,5室1厅,218平米,26666
20190522,沙河口,星海广场,亿达杰特,2室1厅,77平米,5000
20190522,沙河口,星海广场,壹品星海二期,3室1厅,189平米,8500
20190522,沙河口,星海广场,整租·星海国宝,3室2厅,217平米,9000
20190522,沙河口,星海广场,大连明珠,2室1厅,153平米,9900
20190522,沙河口,星海广场,整租·星海旺座,2室1厅,93平米,4900
20190522,沙河口,星海广场,整租·壹品星海一期,3室2厅,134平米,7500
20190522,沙河口,星海广场,壹品星海二期,2室1厅,113平米,6600
20190522,沙河口,星海广场,星海旺座,1室1厅,93平米,5416
20190522,沙河口,星海广场,金玉星海,3室2厅,180平米,8000
20190522,沙河口,星海广场,世纪经典,3室2厅,281平米,15833
20190522,沙河口,星海广场,整租·星海大观,1室1厅,77平米,4500
20190522,沙河口,星海广场,大连明珠,2室1厅,162平米,12000
20190522,沙河口,星海广场,整租·星海国际金融中心,6室2厅,430平米,45833
20190522,沙河口,星海广场,整租·大连明珠,4室1厅,225平米,12500
20190522,沙河口,星海广场,整租·金玉星海,3室2厅,180平米,10000
20190522,沙河口,星海广场,星海大观,7室2厅,473平米,33333
20190522,沙河口,星海广场,壹品星海二期,3室1厅,189平米,10000
20190522,沙河口,星海广场,星海大观,3室2厅,221平米,13500
20190522,沙河口,星海广场,壹品星海一期,3室2厅,152平米,7000
20190522,沙河口,星海广场,整租·星海国宝,3室2厅,216平米,10000
20190522,沙河口,星海广场,整租·星海大观,3室2厅,218平米,15000
20190522,沙河口,星海广场,东方星海,3室2厅,158平米,8400
20190522,沙河口,星海广场,整租·星海大观,3室2厅,190平米,12500
20190522,沙河口,星海广场,星海阳光,4室1厅,306平米,18333
20190522,沙河口,星海广场,整租·星海大观,3室1厅,190平米,13333
20190522,沙河口,星海广场,整租·亿达杰特,5室2厅,220平米,15000
20190522,沙河口,星海广场,金玉星海,3室2厅,248平米,12500
20190522,沙河口,星海广场,整租·星海大观,3室2厅,152平米,12500
20190522,沙河口,星海广场,金玉星海,4室2厅,313平米,20000
20190522,沙河口,星海广场,星海大观,2室1厅,92平米,9000
20190522,沙河口,星海广场,星海大观,4室2厅,277平米,17500
20190522,沙河口,星海广场,星海国际金融中心,6室2厅,429平米,58333
20190522,沙河口,星海广场,星海国宝,3室2厅,217平米,12000
20190522,沙河口,星海广场,亿达杰特,3室2厅,180平米,11000
20190522,沙河口,星海广场,壹品星海三期,3室2厅,165平米,8500
20190522,沙河口,星海广场,星海国宝,2室2厅,194平米,11250
20190522,沙河口,星海广场,大连明珠,3室2厅,194平米,16666
20190522,沙河口,星海广场,壹品星海一期,3室2厅,148平米,9500
20190522,沙河口,星海广场,金玉星海,3室2厅,180平米,13000
20190522,沙河口,星海广场,壹品星海三期,3室2厅,168平米,9166
20190522,沙河口,星海广场,星海大观,3室1厅,139平米,8333
20190522,沙河口,星海广场,大连明珠,3室2厅,225平米,11666
20190522,沙河口,星海广场,壹品星海一期,3室2厅,152平米,12000
20190522,沙河口,星海广场,星海大观,3室2厅,139平米,12500
20190522,沙河口,星海广场,星海阳光,2室2厅,142平米,7000
20190522,沙河口,星海广场,星海国际金融中心,6室2厅,430平米,38500
20190522,沙河口,星海广场,星海国宝,3室1厅,217平米,11000
20190522,沙河口,星海广场,星海国宝,3室2厅,196平米,9000
20190522,沙河口,星海广场,亿达杰特,2室2厅,179平米,10500
20190522,沙河口,星海广场,整租·星海大观,4室3厅,268平米,18333
20190522,沙河口,星海广场,壹品星海三期,2室1厅,89平米,5000
20190522,沙河口,星海广场,合租·星海花园,3居室,22平米,1200
20190522,沙河口,星海广场,合租·星海花园,3居室,18平米,1100
20190522,沙河口,星海广场,整租·壹品星海一期,4室2厅,266平米,18000
20190522,沙河口,星海广场,整租·亿达杰特,3室2厅,180平米,12500
20190522,沙河口,星海广场,整租·星海大观,1室1厅,95平米,5500
20190522,沙河口,星海广场,亿达杰特,3室1厅,90平米,5000
20190522,沙河口,星海广场,整租·百年汇,6室2厅,332平米,31250
20190522,沙河口,星海广场,整租·星海大观,3室2厅,235平米,15833
20190522,沙河口,星海广场,整租·百年汇,2室2厅,157平米,10000
20190522,沙河口,星海广场,整租·壹品星海三期,4室2厅,175平米,15000
20190522,沙河口,星海广场,整租·壹品星海三期,3室2厅,211平米,16666
20190522,沙河口,星海广场,壹品星海三期,1室1厅,62平米,4000
20190522,沙河口,星海广场,世纪经典,4室2厅,288平米,16000
20190522,沙河口,星海广场,百年汇,2室1厅,160平米,13333
20190522,沙河口,星海广场,星海旺座,2室1厅,123平米,7500
20190522,沙河口,星海广场,整租·星海旺座,1室1厅,90平米,5200
20190522,沙河口,星海广场,整租·星海大观,3室2厅,234平米,15000
20190522,沙河口,星海广场,亿达杰特,1室0厅,50平米,3000
20190522,沙河口,星海广场,星海大观,1室1厅,65平米,3800
20190522,沙河口,星海广场,整租·星海大观,1室0厅,96平米,5833
20190522,沙河口,星海广场,整租·星海大观,1室0厅,96平米,5833
20190522,沙河口,星海广场,星海大观,1室0厅,44平米,3200
20190522,沙河口,星海广场,星海阳光,2室2厅,142平米,6500
20190522,沙河口,星海广场,星海大观,1室1厅,76平米,5000
20190522,沙河口,星海广场,星海湾壹号,3室2厅,193平米,37500
20190522,沙河口,星海广场,亿达杰特,2室1厅,77平米,4500
20190522,沙河口,星海广场,整租·壹品星海二期,4室2厅,192平米,13333
20190522,沙河口,星海广场,整租·星海大观,2室1厅,102平米,7500
20190522,沙河口,星海广场,整租·百年汇,5室1厅,160平米,37500
20190522,沙河口,星海广场,整租·百年汇,5室1厅,113平米,37500
20190522,沙河口,星海广场,星海湾壹号,3室2厅,189平米,20000
20190522,沙河口,星海广场,星海大观,3室2厅,219平米,13000
20190522,沙河口,星海广场,星海大观,3室2厅,219平米,15000
20190522,沙河口,星海广场,百年汇,5室1厅,218平米,21666
20190522,沙河口,星海广场,金玉星海,3室2厅,169平米,8333
20190522,沙河口,星海广场,东方星海,2室1厅,75平米,3800
20190522,沙河口,星海广场,星海旺座,1室1厅,86平米,5000
20190522,沙河口,星海广场,亿达杰特,1室1厅,73平米,3900
20190522,沙河口,星海广场,星海湾壹号,4室2厅,361平米,34000
20190522,沙河口,星海广场,东方星海,1室1厅,52平米,3400
20190522,沙河口,星海广场,整租·星海大观,1室0厅,68平米,4000
20190522,沙河口,星海广场,整租·星海大观,1室1厅,97平米,6666
20190522,沙河口,星海广场,世纪经典,4室2厅,300平米,20833
20190522,沙河口,星海广场,星海大观,3室2厅,236平米,20833
20190522,沙河口,星海广场,星海大观,3室2厅,219平米,15000
20190522,沙河口,星海广场,星海旺座,1室1厅,94平米,5500
20190522,沙河口,星海广场,亿达杰特,2室1厅,77平米,4200
20190522,沙河口,星海广场,整租·星海国际金融中心,4室2厅,429平米,40000
20190522,沙河口,星海广场,星海旺座,1室1厅,95平米,5000
20190522,沙河口,星海广场,星海大观,1室1厅,65平米,3500
20190522,沙河口,星海广场,整租·金玉星海,4室2厅,273平米,16700
20190522,沙河口,星海广场,星海大观,3室1厅,127平米,11000
20190522,沙河口,星海广场,星海旺座,1室1厅,123平米,7900
20190522,沙河口,星海广场,整租·百年汇,2室1厅,160平米,12500
20190522,沙河口,星海广场,整租·百年汇,2室1厅,160平米,12500
20190522,沙河口,星海广场,百年汇,2室2厅,157平米,8333
20190522,沙河口,星海广场,整租·星海大观,2室1厅,102平米,5000
20190522,沙河口,星海广场,星海国际金融中心,6室2厅,425平米,56000
20190522,沙河口,星海广场,星海大观,4室2厅,285平米,18333
20190522,沙河口,星海广场,百年汇,2室1厅,157平米,12000
20190522,沙河口,星海广场,金玉星海,3室2厅,168平米,7000
20190522,沙河口,星海广场,亿达杰特,1室0厅,50平米,3200
20190522,沙河口,星海广场,星海三街,1室2厅,85平米,4500
20190522,沙河口,星海广场,亿达杰特,1室0厅,50平米,2900
20190522,沙河口,星海广场,百年汇,3室1厅,160平米,12500
20190522,沙河口,星海广场,亿达杰特,2室2厅,179平米,10000
20190522,沙河口,星海广场,整租·百年汇,2室1厅,158平米,11666
20190522,沙河口,星海广场,整租·星海大观,1室1厅,76平米,5500
20190522,沙河口,星海广场,百年汇,1室1厅,160平米,11667
20190522,沙河口,星海广场,壹品星海三期,2室2厅,108平米,6200
20190522,沙河口,星海广场,星海旺座,2室1厅,112平米,7500
20190522,沙河口,星海广场,整租·大连明珠,3室2厅,225平米,14166
20190522,沙河口,星海广场,整租·星海大观,3室2厅,218平米,13333
20190522,沙河口,星海广场,大连明珠,3室1厅,188平米,9500
20190522,沙河口,星海广场,星海大观,1室2厅,68平米,3500
20190522,沙河口,星海广场,整租·星海大观,3室2厅,218平米,15000
20190522,沙河口,星海广场,星海大观,2室2厅,82平米,5500
20190522,沙河口,星海广场,整租·星海二街,3室2厅,120平米,3200
20190522,沙河口,星海广场,大连明珠,3室2厅,197平米,13333
20190522,沙河口,星海广场,星海大观,4室2厅,270平米,18000
20190522,沙河口,星海广场,整租·壹品星海一期,3室2厅,150平米,9000
20190522,沙河口,星海广场,整租·百年汇,3室1厅,143平米,11000
20190522,沙河口,星海广场,整租·百年汇,1室1厅,50平米,3500
20190522,沙河口,星海广场,百年汇,1室0厅,49平米,3400
20190522,沙河口,星海广场,东方星海,2室1厅,86平米,4600
20190522,沙河口,星海广场,星海二街,3室2厅,102平米,3200
20190522,沙河口,星海广场,亿达杰特,2室2厅,224平米,13000
20190522,沙河口,星海广场,整租·星海大观,4室3厅,270平米,20000
20190522,沙河口,星海广场,百年汇,1室1厅,97平米,6000
20190522,沙河口,星海广场,整租·星海大观,1室1厅,76平米,5500
20190522,沙河口,星海广场,星海国宝,3室2厅,194平米,8000
20190522,沙河口,星海广场,星海花园,3室1厅,136平米,5500
20190522,沙河口,星海广场,东方星海,1室0厅,53平米,3500
20190522,沙河口,星海广场,星海旺座,2室1厅,112平米,7000
20190522,沙河口,星海广场,整租·百年汇,2室1厅,156平米,11000
20190522,沙河口,星海广场,整租·星海大观,2室1厅,164平米,12000
20190522,沙河口,星海广场,星海国宝,3室2厅,193平米,8500
20190522,沙河口,星海广场,星海大观,3室1厅,132平米,10000
20190522,沙河口,星海广场,整租·百年汇,1室1厅,113平米,11667
20190522,沙河口,星海广场,亿达杰特,4室2厅,220平米,10000
20190522,沙河口,星海广场,星海大观,3室2厅,230平米,15000
20190522,沙河口,星海广场,星海大观,1室0厅,59平米,3900
20190522,沙河口,星海广场,亿达杰特,3室1厅,91平米,7500
20190522,沙河口,星海广场,亿达杰特,1室0厅,50平米,3200
20190522,沙河口,星海广场,星海大观,1室2厅,90平米,5000
20190522,沙河口,星海广场,亿达杰特,3室1厅,93平米,5000
20190522,沙河口,星海广场,星海旺座,2室1厅,112平米,6916
20190522,沙河口,星海广场,星海旺座,1室1厅,88平米,5000
20190522,沙河口,星海广场,星海旺座,2室1厅,95平米,4500
20190522,沙河口,星海广场,整租·星海大观,2室1厅,92平米,5800
20190522,沙河口,星海广场,亿达杰特,1室0厅,50平米,3100
20190522,沙河口,星海广场,整租·星海大观,1室0厅,52平米,3600
20190522,沙河口,星海广场,整租·百年汇,3室1厅,218平米,21666
20190522,沙河口,星海广场,整租·星海大观,1室1厅,65平米,4500
20190522,沙河口,星海广场,整租·壹品星海公寓,1室0厅,60平米,3250
20190522,沙河口,星海广场,整租·星海大观,2室1厅,102平米,4700
20190522,沙河口,星海广场,东方星海,1室0厅,61平米,3400
20190522,沙河口,星海广场,整租·星海大观,4室2厅,252平米,15000
20190522,沙河口,星海广场,整租·星海大观,1室0厅,100平米,5500
20190522,沙河口,星海广场,整租·百年汇,7室1厅,430平米,31666
20190522,沙河口,星海广场,整租·星海大观,2室1厅,102平米,6250
20190522,沙河口,星海广场,亿达杰特,1室0厅,50平米,3000
20190522,沙河口,星海广场,整租·亿达杰特,1室1厅,74平米,4000
20190522,沙河口,星海广场,整租·亿达杰特,1室0厅,50平米,3100
20190522,沙河口,星海广场,星海大观,3室1厅,127平米,7500
20190522,沙河口,星海广场,整租·星海大观,1室1厅,78平米,5300
20190522,沙河口,星海广场,亿达杰特,1室1厅,50平米,3000
20190522,沙河口,星海广场,百年汇,4室1厅,160平米,20000
20190522,沙河口,星海广场,百年汇,1室0厅,146平米,26666
20190522,沙河口,星海广场,星海大观,3室2厅,187平米,11250
20190522,沙河口,星海广场,亿达杰特,1室0厅,54平米,3300
20190522,沙河口,星海广场,亿达杰特,1室0厅,50平米,3400
20190522,沙河口,星海广场,整租·星海大观,3室2厅,85平米,10000
20190522,沙河口,星海广场,百年汇,2室1厅,158平米,13333
20190522,沙河口,星海广场,星海大观,1室1厅,77平米,4500
20190522,沙河口,星海广场,星海旺座,3室2厅,220平米,10833
20190522,沙河口,星海广场,星海大观,3室2厅,187平米,11250
20190522,沙河口,星海广场,整租·星海大观,2室1厅,85平米,4500
20190522,沙河口,星海广场,整租·星海大观,2室1厅,84平米,6000
20190522,沙河口,星海广场,整租·星海大观,2室1厅,94平米,8888
20190522,沙河口,星海广场,东方星海,2室1厅,91平米,6500
20190522,沙河口,星海广场,亿达杰特,1室0厅,50平米,3300
20190522,沙河口,星海广场,百年汇,1室0厅,50平米,3100
20190522,沙河口,星海广场,整租·星海大观,2室2厅,93平米,5000
20190522,沙河口,星海广场,整租·星海大观,2室1厅,91平米,4800
20190522,沙河口,星海广场,整租·星海大观,1室2厅,68平米,3500
20190522,沙河口,星海广场,整租·星海大观,1室1厅,77平米,4200
20190522,沙河口,星海广场,星海旺座,4室2厅,260平米,15000
20190522,沙河口,星海广场,星海大观,2室1厅,84平米,6500
20190522,沙河口,星海广场,星海大观,1室0厅,44平米,3200
20190522,沙河口,星海广场,整租·星海大观,2室1厅,85平米,5000
20190522,沙河口,星海广场,整租·亿达杰特,1室0厅,50平米,3500
20190522,沙河口,星海广场,壹品星海三期,2室1厅,108平米,5500
20190522,沙河口,星海广场,星海阳光,4室2厅,306平米,12500
20190522,沙河口,星海广场,亿达杰特,3室2厅,180平米,10000
20190522,沙河口,星海广场,星海旺座,2室1厅,112平米,7500
20190522,沙河口,星海广场,壹品星海一期,3室2厅,171平米,9500
20190522,沙河口,星海广场,整租·百年汇,1室0厅,50平米,3300
20190522,沙河口,星海广场,大连明珠,4室1厅,273平米,22000
20190522,沙河口,星海广场,整租·星海大观,1室0厅,97平米,7000
20190522,沙河口,星海广场,金玉星海,4室2厅,242平米,12000
20190522,沙河口,星海广场,世纪经典,5室1厅,297平米,15000
20190522,沙河口,星海广场,星海大观,1室0厅,480平米,50000
20190522,沙河口,星海广场,星海旺座,2室1厅,122平米,8000
20190522,沙河口,星海广场,整租·星海国际金融中心,6室2厅,430平米,66667
20190522,沙河口,星海广场,星海国际金融中心,6室2厅,425平米,42000
20190522,沙河口,星海广场,壹品星海一期,3室1厅,161平米,7500
20190522,沙河口,星海广场,壹品星海公寓,1室1厅,58平米,3300
20190522,沙河口,星海广场,大连明珠,3室1厅,194平米,12500
20190522,沙河口,星海广场,百年汇,2室1厅,160平米,18333
20190522,沙河口,星海广场,百年汇,2室1厅,160平米,15000
20190522,沙河口,星海广场,东方星海,1室0厅,55平米,3200
20190522,沙河口,星海广场,整租·星海大观,1室0厅,45平米,3500
20190522,沙河口,星海广场,百年汇,1室0厅,49平米,3500
20190522,沙河口,星海广场,百年汇,1室0厅,49平米,3400
20190522,沙河口,星海广场,百年汇,2室1厅,156平米,13333
20190522,沙河口,星海广场,星海旺座,1室1厅,95平米,4800
20190522,沙河口,星海广场,金玉星海,3室2厅,249平米,25000
20190522,沙河口,星海广场,星海花园,2室2厅,118平米,5000
20190522,沙河口,星海广场,星海国宝,2室1厅,193平米,10000
20190522,沙河口,星海广场,星海旺座,2室1厅,180平米,11000
20190522,沙河口,星海广场,百年汇,1室0厅,113平米,12500
20190522,沙河口,星海广场,大连明珠,2室2厅,162平米,10000
20190522,沙河口,星海广场,整租·星海大观,1室0厅,97平米,7000
20190522,沙河口,星海广场,壹品星海二期,3室1厅,164平米,10000
20190522,沙河口,星海广场,星海大观,1室1厅,700平米,100000
20190522,沙河口,星海广场,星海国际金融中心,6室2厅,429平米,42000
20190522,沙河口,星海广场,星海国宝,4室2厅,434平米,20000
20190522,沙河口,星海广场,整租·星海大观,3室2厅,102平米,10000
20190522,沙河口,星海广场,百年汇,2室1厅,158平米,11666
20190522,沙河口,星海广场,百年汇,2室1厅,113平米,10000
20190522,沙河口,星海广场,整租·星海大观,1室0厅,67平米,3800
20190522,沙河口,星海广场,星海阳光,4室2厅,306平米,16666
20190522,沙河口,星海广场,百年汇,1室1厅,113平米,9166
20190522,沙河口,星海广场,壹品星海三期,3室1厅,186平米,10000
20190522,沙河口,星海广场,亿达杰特,1室0厅,50平米,3000
20190522,沙河口,星海广场,大连明珠,3室1厅,197平米,12500
20190522,沙河口,星海广场,星海国宝,3室1厅,217平米,10000
20190522,沙河口,星海广场,亿达杰特,3室2厅,180平米,13333
20190522,沙河口,星海广场,整租·星海旺座,1室1厅,93平米,5500
20190522,沙河口,星海广场,整租·百年汇,1室1厅,148平米,12500
20190522,沙河口,星海广场,世纪经典,4室1厅,282平米,15000
20190522,沙河口,星海广场,壹品星海二期,3室2厅,273平米,17000
20190522,沙河口,星海广场,大连明珠,3室2厅,225平米,16666
20190522,沙河口,星海广场,壹品星海一期,5室2厅,192平米,10000
20190522,沙河口,星海广场,星海旺座,2室1厅,93平米,5000
20190522,沙河口,星海广场,百年汇,1室0厅,49平米,4000
20190522,沙河口,星海广场,整租·星海大观,1室0厅,67平米,4000
20190522,沙河口,星海广场,大连明珠,3室2厅,223平米,10000
20190522,沙河口,星海广场,大连明珠,3室2厅,197平米,13000
20190522,沙河口,星海广场,整租·星海国际金融中心,6室2厅,428平米,50000
20190522,沙河口,星海广场,整租·星海大观,5室2厅,277平米,20833
20190522,沙河口,星海广场,亿达杰特,5室2厅,220平米,11000
20190522,沙河口,星海广场,整租·百年汇,1室1厅,156平米,16666
20190522,沙河口,星海广场,星海大观,2室1厅,92平米,5500
20190522,沙河口,星海广场,星海旺座,2室1厅,114平米,7000
20190522,沙河口,星海广场,星海国宝,4室2厅,247平米,10000
20190522,沙河口,星海广场,整租·星海大观,3室2厅,186平米,12500
20190522,沙河口,星海广场,亿达杰特,1室0厅,38平米,2800
20190522,沙河口,星海广场,星海国际金融中心,6室2厅,430平米,56000
20190522,沙河口,星海广场,星海国际金融中心,6室2厅,425平米,56000
20190522,沙河口,星海广场,星海国际金融中心,6室2厅,430平米,56000
20190522,沙河口,星海广场,整租·百年汇,2室1厅,160平米,15000
20190522,沙河口,星海广场,整租·百年汇,1室1厅,218平米,37500
20190522,沙河口,星海广场,整租·亿达杰特,1室1厅,73平米,4200
20190522,沙河口,星海广场,整租·东方星海,1室1厅,61平米,3200
20190522,沙河口,星海广场,星海大观,2室1厅,92平米,7600
20190522,沙河口,星海广场,百年汇,1室1厅,113平米,10416
20190522,沙河口,星海广场,星海旺座,2室1厅,113平米,6666
20190522,沙河口,星海广场,壹品星海三期,3室2厅,187平米,10000
20190522,沙河口,星海广场,亿达杰特,1室0厅,50平米,3200
20190522,沙河口,中山公园,整租·79中君安公寓,3室2厅,195平米,11000
20190522,沙河口,中山公园,整租·79中永平,2室1厅,78平米,2300
20190522,沙河口,中山公园,整租·21中亿达广场,3室2厅,383平米,23334
20190522,沙河口,中山公园,整租·79中城市公元,3室1厅,125平米,5800
20190522,沙河口,中山公园,整租·科技广场,4室3厅,379平米,25000
20190522,沙河口,中山公园,79中永平,1室1厅,39平米,1500
20190522,沙河口,中山公园,79中广荣大厦,2室2厅,151平米,8000
20190522,沙河口,中山公园,整租·龙祥花园,3室2厅,145平米,5600
20190522,沙河口,中山公园,21中天兴花园二期,3室2厅,143平米,5000
20190522,沙河口,中山公园,合租·79中中山公寓,4居室,14平米,1250
20190522,沙河口,中山公园,合租·79中中山公寓,4居室,15平米,1350
20190522,沙河口,中山公园,合租·79中中山公寓,4居室,13平米,1100
20190522,沙河口,中山公园,整租·21中联德小区,3室2厅,128平米,4500
20190522,沙河口,中山公园,21中亿达广场,3室1厅,162平米,9000
20190522,沙河口,中山公园,整租·21中联德小区,2室2厅,105平米,4100
20190522,沙河口,中山公园,整租·21中广电中心,2室1厅,45平米,2000
20190522,沙河口,中山公园,整租·79中金光小区,2室1厅,56平米,2800
20190522,沙河口,中山公园,合租·79中永平,4居室,90平米,950
20190522,沙河口,中山公园,整租·79中至诚小区,2室1厅,45平米,2300
20190522,沙河口,中山公园,79中学中盈家园,2室2厅,111平米,3500
20190522,沙河口,中山公园,79中永平,1室1厅,52平米,4200
20190522,沙河口,中山公园,整租·79中美加华公寓,1室0厅,55平米,2400
20190522,沙河口,中山公园,79中永平,1室1厅,40平米,2400
20190522,沙河口,中山公园,金色年华公馆,1室1厅,69平米,3200
20190522,沙河口,中山公园,整租·21中亿达广场,4室2厅,218平米,8500
20190522,沙河口,中山公园,79中永平,2室1厅,50平米,2200
20190522,沙河口,中山公园,合租·21中民权街0,5居室,16平米,750
20190522,沙河口,中山公园,科技广场,3室2厅,167平米,6000
20190522,沙河口,中山公园,79中广电中心,2室1厅,51平米,2500
20190522,沙河口,中山公园,合租·21中天兴花园一期,4居室,15平米,900
20190522,沙河口,中山公园,79中永平,2室1厅,42平米,3000
20190522,沙河口,中山公园,79中永平,3室1厅,93平米,3000
20190522,沙河口,中山公园,整租·79中永平,2室1厅,65平米,2100
20190522,沙河口,中山公园,合租·21中民权街0,5居室,23平米,900
20190522,沙河口,中山公园,21中天兴花园二期,4室2厅,155平米,5000
20190522,沙河口,中山公园,79中万泰花园,2室2厅,88平米,3800
20190522,沙河口,中山公园,79中永平,3室2厅,108平米,3200
20190522,沙河口,中山公园,79中永平,2室1厅,53平米,2600
20190522,沙河口,中山公园,合租·21中天兴花园一期,4居室,18平米,900
20190522,沙河口,中山公园,整租·金色年华公馆,1室1厅,66平米,2800
20190522,沙河口,中山公园,整租·79中城市公元,1室1厅,73平米,3500
20190522,沙河口,中山公园,整租·79中万泰花园,2室2厅,116平米,4200
20190522,沙河口,中山公园,整租·79中科学家公寓,3室2厅,106平米,3300
20190522,沙河口,中山公园,79中广电中心,2室1厅,55平米,2300
20190522,沙河口,中山公园,79中城市公元,1室1厅,46平米,2400
20190522,沙河口,中山公园,合租·79中万岁公寓,5居室,25平米,1300
20190522,沙河口,中山公园,西安路公寓,3室1厅,113平米,3600
20190522,沙河口,中山公园,合租·79中科学家公寓,4居室,20平米,1000
20190522,沙河口,中山公园,科技广场,3室1厅,167平米,5800
20190522,沙河口,中山公园,79中学中盈家园,2室1厅,111平米,3800
20190522,沙河口,中山公园,合租·西安路公寓,4居室,20平米,1000
20190522,沙河口,中山公园,金色年华公馆,1室1厅,33平米,2400
20190522,沙河口,中山公园,79中君安公寓,4室2厅,270平米,11800
20190522,沙河口,中山公园,天兴新家园,1室0厅,32平米,5500
20190522,沙河口,中山公园,79中万泰花园,3室2厅,117平米,4000
20190522,沙河口,中山公园,整租·79中数控大厦,2室1厅,81平米,3500
20190522,沙河口,中山公园,合租·西安路公寓,4居室,20平米,1000
20190522,沙河口,中山公园,西安路公寓,2室1厅,75平米,3200
20190522,沙河口,中山公园,整租·79中美加华公寓,1室0厅,48平米,2400
20190522,沙河口,中山公园,21中天兴花园一期,8室3厅,239平米,31000
20190522,沙河口,中山公园,79中万泰花园,3室2厅,120平米,4500
20190522,沙河口,中山公园,79中万泰花园,2室2厅,79平米,3700
20190522,沙河口,中山公园,合租·21中民权街0,4居室,18平米,1150
20190522,沙河口,中山公园,21中广电中心,2室1厅,45平米,2000
20190522,沙河口,中山公园,79中广荣大厦,3室1厅,146平米,7500
20190522,沙河口,中山公园,西安路公寓,1室1厅,48平米,2500
20190522,沙河口,中山公园,79中城市公元,1室1厅,61平米,3000
20190522,沙河口,中山公园,金色年华公馆,2室1厅,71平米,3000
20190522,沙河口,中山公园,科技广场,3室2厅,171平米,5400
20190522,沙河口,中山公园,科技广场,3室2厅,135平米,4600
20190522,沙河口,中山公园,科技广场,3室1厅,138平米,4300
20190522,沙河口,中山公园,整租·79中科学家公寓,1室1厅,72平米,2700
20190522,沙河口,中山公园,科技广场,3室1厅,161平米,5800
20190522,沙河口,中山公园,整租·79中永平,1室1厅,36平米,2200
20190522,沙河口,中山公园,79中学中盈家园,3室1厅,151平米,6500
20190522,沙河口,中山公园,79中永平,2室1厅,64平米,2700
20190522,沙河口,中山公园,整租·79中永平,1室1厅,45平米,1700
20190522,沙河口,中山公园,21中广电中心,2室1厅,70平米,2300
20190522,沙河口,中山公园,整租·79中永平,1室1厅,44平米,2000
20190522,沙河口,中山公园,整租·79中美加华公寓,1室1厅,72平米,3000
20190522,沙河口,中山公园,整租·天兴新家园,2室2厅,132平米,7600
20190522,沙河口,中山公园,整租·金色年华公馆,1室1厅,77平米,3200
20190522,沙河口,中山公园,整租·79中广电中心,1室1厅,36平米,1900
20190522,沙河口,中山公园,整租·79中永平,2室1厅,50平米,2500
20190522,沙河口,中山公园,79中美加华公寓,1室0厅,45平米,2500
20190522,沙河口,中山公园,西安路公寓,3室1厅,120平米,4000
20190522,沙河口,中山公园,整租·79中万岁公寓,3室1厅,87平米,3300
20190522,沙河口,中山公园,西安路公寓,2室2厅,108平米,3200
20190522,沙河口,中山公园,79中城市公元,1室1厅,72平米,3500
20190522,沙河口,中山公园,21中广电中心,2室1厅,68平米,2100
20190522,沙河口,中山公园,整租·21中广电中心,2室1厅,62平米,2500
20190522,沙河口,中山公园,整租·79中数控大厦,2室2厅,81平米,3500
20190522,沙河口,中山公园,整租·金色年华公馆,1室0厅,52平米,2550
20190522,沙河口,中山公园,整租·79中广电中心,2室1厅,59平米,2400
20190522,沙河口,中山公园,整租·79中中山公寓,2室2厅,109平米,5500
20190522,沙河口,中山公园,整租·79中万岁公寓,3室2厅,177平米,6300
20190522,沙河口,中山公园,整租·79中金光小区,2室1厅,89平米,1900
20190522,沙河口,中山公园,整租·79中美加华公寓,1室1厅,71平米,3200
20190522,沙河口,中山公园,整租·79中城市公元,1室1厅,72平米,3300
20190522,沙河口,中山公园,整租·金色年华公馆,2室1厅,69平米,3300
20190522,沙河口,中山公园,整租·科技广场,4室2厅,206平米,8000
20190522,沙河口,中山公园,整租·79中广电中心,2室1厅,62平米,2200
20190522,沙河口,中山公园,整租·79中城市公元,1室1厅,58平米,3100
20190522,沙河口,中山公园,整租·21中天兴花园一期,2室1厅,77平米,3000
20190522,沙河口,中山公园,整租·79中城市公元,1室1厅,58平米,2800
20190522,沙河口,中山公园,整租·79中金光小区,1室1厅,39平米,1800
20190522,沙河口,中山公园,西安路公寓,1室1厅,57平米,2000
20190522,沙河口,中山公园,整租·西安路公寓,2室1厅,76平米,2900
20190522,沙河口,中山公园,整租·79中金光小区,2室1厅,60平米,2300
20190522,沙河口,中山公园,79中城市公元,1室1厅,44平米,2400
20190522,沙河口,中山公园,79中金光小区,2室0厅,59平米,2000
20190522,沙河口,中山公园,整租·79中城市公元,1室1厅,54平米,2800
20190522,沙河口,中山公园,整租·79中城市公元,1室1厅,58平米,2900
20190522,沙河口,中山公园,整租·金色年华公馆,2室1厅,69平米,3300
20190522,沙河口,中山公园,79中城市公元,1室1厅,51平米,23500
20190522,沙河口,中山公园,21中天兴花园一期,1室1厅,60平米,2300
20190522,沙河口,中山公园,79中至诚小区,1室0厅,36平米,1700
20190522,沙河口,中山公园,79中永平,1室1厅,39平米,2000
20190522,沙河口,中山公园,79中城市公元,1室0厅,44平米,2500
20190522,沙河口,中山公园,79中城市公元,1室1厅,63平米,2700
20190522,沙河口,中山公园,79中城市公元,2室1厅,81平米,4000
20190522,沙河口,中山公园,79中广电中心,1室1厅,35平米,1700
20190522,沙河口,中山公园,科技广场,3室1厅,164平米,5500
20190522,沙河口,中山公园,79中金光小区,2室1厅,59平米,2300
20190522,沙河口,中山公园,79中昌隆大厦,2室1厅,92平米,3300
20190522,沙河口,中山公园,21中天兴花园一期,2室1厅,75平米,3000
20190522,沙河口,中山公园,79中万泰花园,2室1厅,77平米,3800
20190522,沙河口,中山公园,金色年华公馆,2室1厅,76平米,3300
20190522,沙河口,中山公园,79中城市公元,1室1厅,61平米,2600
20190522,沙河口,中山公园,整租·科技广场,2室1厅,100平米,3500
20190522,沙河口,中山公园,21中学中山南苑,2室1厅,160平米,6000
20190522,沙河口,中山公园,21中天兴花园一期,1室1厅,67平米,2400
20190522,沙河口,中山公园,79中城市公元,1室1厅,44平米,2400
20190522,沙河口,中山公园,79中至诚小区,2室1厅,50平米,2300
20190522,沙河口,中山公园,整租·79中美加华公寓,1室0厅,45平米,2400
20190522,沙河口,中山公园,79中永平,2室2厅,90平米,3000
20190522,沙河口,中山公园,79中广电中心,1室1厅,34平米,2300
20190522,沙河口,中山公园,金色年华公馆,2室1厅,77平米,4000
20190522,沙河口,中山公园,科技广场,2室1厅,170平米,4500
20190522,沙河口,中山公园,21中黄河路,1室1厅,31平米,1500
20190522,沙河口,中山公园,79中城市公元,2室1厅,51平米,23500
20190522,沙河口,中山公园,79中君安公寓,1室1厅,46平米,2800
20190522,沙河口,中山公园,整租·金色年华公馆,1室0厅,52平米,2700
20190522,沙河口,中山公园,整租·79中万泰花园,2室2厅,104平米,3700
20190522,沙河口,中山公园,79中城市公元,1室1厅,61平米,2900
20190522,沙河口,中山公园,79中万岁公寓,2室1厅,87平米,2700
20190522,沙河口,中山公园,79中万岁公寓,3室2厅,142平米,4500
20190522,沙河口,中山公园,79中万泰花园,2室2厅,84平米,3500
20190522,沙河口,中山公园,整租·79中万泰花园,2室1厅,66平米,2800
20190522,沙河口,中山公园,整租·金色年华公馆,1室0厅,56平米,2650
20190522,沙河口,中山公园,79中永平,2室1厅,49平米,2500
20190522,沙河口,中山公园,整租·79中金光小区,2室1厅,70平米,2600
20190522,沙河口,中山公园,整租·79中金光小区,2室2厅,118平米,3500
20190522,沙河口,中山公园,整租·79中永平,4室1厅,111平米,3800
20190522,沙河口,中山公园,79中城市公元,1室1厅,71平米,3400
20190522,沙河口,中山公园,整租·79中永平,1室1厅,44平米,2100
20190522,沙河口,中山公园,21中亿达广场,4室2厅,243平米,10000
20190522,沙河口,中山公园,79中万泰花园,3室2厅,139平米,4500
20190522,沙河口,中山公园,整租·科技广场,3室1厅,270平米,10000
20190522,沙河口,中山公园,整租·天兴新家园,2室2厅,125平米,5700
20190522,沙河口,中山公园,21中广电中心,2室1厅,64平米,2800
20190522,沙河口,中山公园,西安路公寓,2室1厅,75平米,2500
20190522,沙河口,中山公园,龙祥花园,3室1厅,145平米,5300
20190522,沙河口,中山公园,79中城市公元,1室1厅,64平米,3500
20190522,沙河口,中山公园,79中科学家公寓,2室2厅,96平米,3500
20190522,沙河口,中山公园,整租·79中科学家公寓,2室1厅,90平米,3400
20190522,沙河口,中山公园,79中科学家公寓,2室2厅,91平米,3500
20190522,沙河口,中山公园,科技广场,2室1厅,137平米,4500
20190522,沙河口,中山公园,整租·79中城市公元,1室1厅,54平米,2800
20190522,沙河口,中山公园,整租·79中城市公元,1室1厅,64平米,3200
20190522,沙河口,中山公园,79中广电中心,2室1厅,72平米,2600
20190522,沙河口,中山公园,西安路公寓,2室1厅,62平米,2200
20190522,沙河口,中山公园,79中永平,3室2厅,90平米,3100
20190522,沙河口,中山公园,整租·金色年华公馆,1室0厅,71平米,3500
20190522,沙河口,中山公园,21中亿达广场,4室2厅,232平米,15000
20190522,沙河口,中山公园,科技广场,3室1厅,150平米,5500
20190522,沙河口,中山公园,21中广电中心,2室1厅,62平米,1700
20190522,沙河口,中山公园,79中城市公元,1室0厅,44平米,2400
20190522,沙河口,中山公园,79中城市公元,3室1厅,128平米,6200
20190522,沙河口,中山公园,79中君安公寓,1室1厅,100平米,3800
20190522,沙河口,中山公园,79中金光小区,1室1厅,36平米,2100
20190522,沙河口,中山公园,79中永平,1室1厅,39平米,2000
20190522,沙河口,中山公园,整租·79中科学家公寓,2室1厅,76平米,2600
20190522,沙河口,中山公园,79中广电中心,1室1厅,35平米,2000
20190522,沙河口,中山公园,79中美加华公寓,1室0厅,40平米,2200
20190522,沙河口,中山公园,79中广电中心,1室1厅,34平米,1600
20190522,沙河口,中山公园,整租·79中城市公元,1室1厅,60平米,3000
20190522,沙河口,中山公园,整租·79中美加华公寓,1室1厅,65平米,2900
20190522,沙河口,中山公园,79中广电中心,1室1厅,35平米,2000
20190522,沙河口,中山公园,79中金光小区,2室1厅,55平米,2200
20190522,沙河口,中山公园,79中美加华公寓,1室0厅,45平米,2300
20190522,沙河口,中山公园,整租·79中广电中心,1室1厅,35平米,2100
20190522,沙河口,中山公园,整租·79中城市公元,1室1厅,60平米,2000
20190522,沙河口,中山公园,整租·79中金光小区,2室1厅,48平米,2400
20190522,沙河口,中山公园,整租·79中美加华公寓,1室0厅,45平米,2500
20190522,沙河口,中山公园,整租·79中科学家公寓,2室0厅,60平米,2400
20190522,沙河口,中山公园,整租·79中君安公寓,2室2厅,101平米,4500
20190522,沙河口,中山公园,整租·79中广电中心,1室1厅,31平米,2100
20190522,沙河口,中山公园,21中天兴花园一期,1室1厅,68平米,2500
20190522,沙河口,中山公园,整租·79中永平,2室1厅,72平米,3500
20190522,沙河口,中山公园,整租·79中美加华公寓,1室1厅,71平米,3000
20190522,沙河口,中山公园,整租·79中城市公元,1室0厅,45平米,2300
20190522,沙河口,中山公园,79中君安公寓,2室1厅,80平米,3400
20190522,沙河口,中山公园,79中永平,1室1厅,49平米,3200
20190522,沙河口,中山公园,21中广电中心,2室1厅,74平米,2150
20190522,沙河口,中山公园,金色年华公馆,1室0厅,52平米,2400
20190522,沙河口,中山公园,整租·79中美加华公寓,1室0厅,40平米,2500
20190522,沙河口,中山公园,整租·79中金光小区,2室1厅,44平米,2300
20190522,沙河口,中山公园,整租·79中美加华公寓,1室1厅,73平米,3300
20190522,沙河口,中山公园,整租·科技广场,1室1厅,81平米,3300
20190522,沙河口,中山公园,79中城市公元,1室0厅,44平米,2500
20190522,沙河口,中山公园,79中永平,1室1厅,40平米,3900
20190522,沙河口,中山公园,整租·21中广电中心,2室1厅,58平米,2500
20190522,沙河口,中山公园,79中城市公元,1室0厅,44平米,2700
20190522,沙河口,中山公园,西安路公寓,1室1厅,53平米,2200
20190522,沙河口,中山公园,21中天兴花园一期,1室1厅,64平米,2400
20190522,沙河口,中山公园,整租·79中城市公元,1室1厅,73平米,3500
20190522,沙河口,中山公园,整租·79中金光小区,2室1厅,50平米,2300
20190522,沙河口,中山公园,21中广电中心,2室1厅,64平米,2000
20190522,沙河口,中山公园,79中昌隆大厦,1室1厅,55平米,2100
20190522,沙河口,中山公园,科技广场,1室2厅,178平米,5500
20190522,沙河口,中山公园,21中广电中心,2室1厅,59平米,2600
20190522,沙河口,中山公园,79中城市公元,1室1厅,73平米,3300
20190522,沙河口,中山公园,整租·79中城市公元,1室1厅,51平米,23500
20190522,沙河口,中山公园,79中永平,3室2厅,89平米,4500
20190522,沙河口,中山公园,79中至诚小区,2室1厅,50平米,2500
20190522,沙河口,中山公园,79中学中盈家园,2室1厅,98平米,3500
20190522,沙河口,中山公园,科技广场,1室1厅,43平米,3500
20190522,沙河口,中山公园,科技广场,1室1厅,43平米,3500
20190522,沙河口,中山公园,79中城市公元,1室1厅,44平米,2300
20190522,沙河口,中山公园,金色年华公馆,1室1厅,51平米,2600
20190522,沙河口,中山公园,79中科学家公寓,2室2厅,91平米,4300
20190522,沙河口,中山公园,79中广电中心,2室1厅,59平米,2200
20190522,沙河口,中山公园,科技广场,3室2厅,200平米,5000
20190522,沙河口,中山公园,整租·79中美加华公寓,1室0厅,40平米,2500
20190522,沙河口,中山公园,整租·79中至诚小区,2室1厅,56平米,2300
20190522,沙河口,中山公园,整租·79中城市公元,1室1厅,64平米,3300
20190522,沙河口,中山公园,整租·金色年华公馆,1室0厅,48平米,2600
20190522,沙河口,中山公园,整租·79中美加华公寓,1室0厅,40平米,2400
20190522,沙河口,中山公园,整租·79中金光小区,3室1厅,120平米,5000
20190522,沙河口,中山公园,整租·79中美加华公寓,1室1厅,71平米,3300
20190522,沙河口,中山公园,79中广电中心,2室1厅,56平米,2200
20190522,沙河口,中山公园,79中永平,2室1厅,54平米,1900
20190522,沙河口,中山公园,79中永平,1室1厅,15平米,2100
20190522,沙河口,中山公园,79中科学家公寓,2室1厅,83平米,2900
20190522,沙河口,中山公园,西安路公寓,3室2厅,94平米,3000
20190522,沙河口,中山公园,21中天兴花园一期,2室2厅,93平米,3200
20190522,沙河口,中山公园,79中昌隆大厦,1室1厅,59平米,2800
20190522,沙河口,中山公园,79中广荣大厦,1室0厅,330平米,21000
20190522,沙河口,中山公园,79中至诚小区,1室0厅,32平米,1200
20190522,沙河口,中山公园,21中天兴花园一期,2室1厅,76平米,3500
20190522,沙河口,中山公园,西安路公寓,3室2厅,94平米,3300
20190522,沙河口,中山公园,79中广电中心,1室1厅,35平米,2350
20190522,沙河口,中山公园,整租·79中城市公元,1室0厅,44平米,2300
20190522,沙河口,中山公园,79中城市公元,1室1厅,58平米,3300
20190522,沙河口,中山公园,西安路公寓,2室0厅,64平米,2600
20190522,沙河口,中山公园,整租·79中永平,1室1厅,49平米,1800
20190522,沙河口,中山公园,79中永平,1室1厅,47平米,2100
20190522,沙河口,中山公园,79中科学家公寓,2室1厅,77平米,1900
20190522,沙河口,中山公园,科技广场,1室1厅,60平米,2800
20190522,沙河口,中山公园,79中永平,2室1厅,61平米,2300
20190522,沙河口,中山公园,79中美加华公寓,1室1厅,45平米,3000
20190522,沙河口,中山公园,79中学中盈家园,1室1厅,53平米,2400
20190522,沙河口,中山公园,79中广电中心,1室1厅,33平米,1500
20190522,沙河口,中山公园,整租·79中城市公元,1室1厅,46平米,2400
20190522,沙河口,中山公园,整租·79中广电中心,2室1厅,52平米,2500
20190522,沙河口,中山公园,79中城市公元,2室1厅,71平米,3500
20190522,沙河口,中山公园,79中广电中心,3室1厅,72平米,5000
20190522,沙河口,中山公园,金色年华公馆,1室0厅,49平米,2500
20190522,沙河口,中山公园,79中金光小区,2室1厅,70平米,2500
20190522,沙河口,中山公园,79中城市公元,2室1厅,65平米,3500
20190522,沙河口,中山公园,79中城市公元,1室0厅,44平米,2300
20190522,沙河口,中山公园,整租·金色年华公馆,2室1厅,77平米,3300
20190522,沙河口,中山公园,整租·79中美加华公寓,1室0厅,43平米,2300
20190522,沙河口,中山公园,79中至诚小区,2室1厅,60平米,1800
20190522,沙河口,中山公园,21中广电中心,2室1厅,62平米,1700
20190522,沙河口,中山公园,科技广场,2室1厅,136平米,4500
20190522,沙河口,中山公园,79中昌隆大厦,2室1厅,91平米,3300
20190522,沙河口,中山公园,79中科学家公寓,2室1厅,75平米,3200
20190522,沙河口,中山公园,79中城市公元,1室0厅,45平米,2200
20190522,沙河口,中山公园,科技广场,2室2厅,167平米,6000
20190522,沙河口,中山公园,21中天兴花园一期,1室1厅,58平米,2600
20190522,沙河口,中山公园,整租·79中万泰花园,2室2厅,91平米,3800
20190522,沙河口,中山公园,金色年华公馆,1室0厅,47平米,2600
20190522,沙河口,中山公园,79中城市公元,1室0厅,46平米,2300
20190522,沙河口,中山公园,79中君安公寓,4室2厅,300平米,13333
20190522,沙河口,中山公园,79中君安公寓,1室1厅,70平米,3500
20190522,沙河口,中山公园,整租·79中美加华公寓,1室0厅,45平米,2400
20190522,沙河口,中山公园,整租·79中城市公元,1室1厅,60平米,2800
20190522,沙河口,中山公园,科技广场,1室1厅,55平米,1900
20190522,沙河口,中山公园,79中永平,2室1厅,56平米,2800
20190522,沙河口,中山公园,整租·79中广电中心,1室1厅,36平米,1700
20190522,沙河口,中山公园,整租·79中至诚小区,2室1厅,70平米,2200
20190522,沙河口,中山公园,整租·79中昌隆大厦,1室1厅,55平米,2400
20190522,沙河口,中山公园,整租·79中至诚小区,1室1厅,41平米,2500
20190522,沙河口,中山公园,整租·79中城市公元,1室1厅,73平米,3300
20190522,沙河口,中山公园,整租·79中美加华公寓,1室0厅,45平米,2300
20190522,沙河口,中山公园,整租·金色年华公馆,2室1厅,77平米,3200
20190522,沙河口,中山公园,79中永平,2室2厅,81平米,2400
20190522,沙河口,中山公园,整租·79中昌隆大厦,3室1厅,114平米,3500
20190522,沙河口,中山公园,整租·科技广场,6室1厅,137平米,4200
20190522,沙河口,中山公园,21中天兴花园一期,4室2厅,150平米,5500
20190522,沙河口,中山公园,整租·79中广电中心,1室1厅,40平米,1600
20190522,沙河口,中山公园,整租·79中美加华公寓,1室1厅,71平米,3000
20190522,沙河口,中山公园,整租·金色年华公馆,2室1厅,76平米,3500
20190522,沙河口,中山公园,科技广场,3室1厅,161平米,5200
20190522,沙河口,中山公园,79中广电中心,1室1厅,35平米,1700
20190522,沙河口,中山公园,79中广荣大厦,1室0厅,150平米,8200
20190522,沙河口,中山公园,整租·79中广电中心,2室1厅,41平米,1700
20190522,沙河口,中山公园,整租·21中广电中心,3室1厅,100平米,3500
20190522,沙河口,中山公园,79中城市公元,1室1厅,54平米,2900
20190522,沙河口,中山公园,79中学中盈家园,2室1厅,110平米,4000
20190522,沙河口,中山公园,79中美加华公寓,1室1厅,72平米,3200
20190522,沙河口,中山公园,天兴新家园,2室2厅,135平米,5500
20190522,沙河口,中山公园,整租·79中城市公元,1室1厅,58平米,3000
20190522,沙河口,中山公园,79中广电中心,2室1厅,79平米,2400
20190522,沙河口,中山公园,科技广场,4室3厅,379平米,29166
20190522,沙河口,中山公园,79中至诚小区,1室0厅,35平米,900
20190522,沙河口,中山公园,79中美加华公寓,1室1厅,40平米,2400
20190522,沙河口,中山公园,21中亿达广场,2室2厅,200平米,6600
20190522,沙河口,中山公园,79中城市公元,1室1厅,45平米,2400
20190522,沙河口,中山公园,金色年华公馆,1室1厅,58平米,2700
20190522,沙河口,中山公园,整租·金色年华公馆,2室1厅,76平米,3500
20190522,沙河口,中山公园,79中城市公元,1室1厅,73平米,3500
20190522,沙河口,中山公园,整租·79中城市公元,1室1厅,60平米,3000
20190522,沙河口,中山公园,79中美加华公寓,1室1厅,48平米,2300
20190522,沙河口,中山公园,整租·79中至诚小区,1室1厅,40平米,1850
20190522,沙河口,中山公园,整租·79中城市公元,1室1厅,43平米,2400
20190522,沙河口,中山公园,79中中山公寓,3室2厅,145平米,5800
20190522,沙河口,阳光月秀,御园,2室2厅,84平米,3000
20190522,沙河口,阳光月秀,新华同仁轩,1室1厅,42平米,3300
20190522,沙河口,阳光月秀,整租·阳光月秀,2室1厅,91平米,3200
20190522,沙河口,阳光月秀,合租·天河新苑,4居室,10平米,700
20190522,沙河口,阳光月秀,阳光月秀,2室1厅,87平米,2800
20190522,沙河口,阳光月秀,整租·新华同仁轩,2室2厅,23平米,1700
20190522,沙河口,阳光月秀,合租·天河新苑,4居室,17平米,950
20190522,沙河口,阳光月秀,阳光月秀,2室2厅,97平米,3000
20190522,沙河口,阳光月秀,合租·天河新苑,4居室,20平米,1100
20190522,沙河口,阳光月秀,整租·阳光月秀,4室2厅,124平米,5000
20190522,沙河口,阳光月秀,合租·御园,5居室,22平米,1000
20190522,沙河口,阳光月秀,合租·天河新苑,6居室,20平米,950
20190522,沙河口,阳光月秀,三寰芳草园,3室2厅,125平米,3300
20190522,沙河口,阳光月秀,整租·天河新苑,1室1厅,59平米,2200
20190522,沙河口,阳光月秀,整租·新华同仁轩,1室1厅,44平米,2150
20190522,沙河口,阳光月秀,三寰芳草园,3室2厅,125平米,6000
20190522,沙河口,阳光月秀,天河新苑,3室1厅,122平米,3000
20190522,沙河口,阳光月秀,御园,1室1厅,41平米,2500
20190522,沙河口,阳光月秀,阳光月秀,2室1厅,92平米,3000
20190522,沙河口,阳光月秀,阳光月秀,1室1厅,35平米,1700
20190522,沙河口,阳光月秀,整租·新华同仁轩,2室1厅,38平米,2000
20190522,沙河口,阳光月秀,阳光月秀,1室2厅,60平米,2300
20190522,沙河口,阳光月秀,御园,2室1厅,84平米,2800
20190522,沙河口,阳光月秀,阳光月秀,1室1厅,60平米,2300
20190522,沙河口,阳光月秀,天河新苑,2室2厅,96平米,2800
20190522,沙河口,阳光月秀,天河新苑,2室1厅,84平米,2500
20190522,沙河口,阳光月秀,阳光月秀,1室1厅,35平米,1850
20190522,沙河口,阳光月秀,富民公寓,1室1厅,29平米,1200
20190522,沙河口,阳光月秀,整租·天河新苑,3室2厅,101平米,3100
20190522,沙河口,阳光月秀,阳光月秀,2室1厅,60平米,2500
20190522,沙河口,阳光月秀,整租·三寰芳草园,2室2厅,101平米,3800
20190522,沙河口,阳光月秀,整租·新华同仁轩,1室0厅,38平米,2000
20190522,沙河口,阳光月秀,阳光月秀,1室1厅,60平米,2500
20190522,沙河口,阳光月秀,御园,2室1厅,81平米,3300
20190522,沙河口,阳光月秀,阳光月秀,2室1厅,92平米,3000
20190522,沙河口,阳光月秀,整租·御园,2室1厅,84平米,2500
20190522,沙河口,阳光月秀,御园,3室1厅,95平米,3500
20190522,沙河口,阳光月秀,富民公寓,9室9厅,700平米,34000
20190522,沙河口,阳光月秀,整租·天河新苑,2室2厅,92平米,2300
20190522,沙河口,阳光月秀,天河新苑,3室1厅,84平米,2800
20190522,沙河口,阳光月秀,新华同仁轩,1室1厅,36平米,2100
20190522,沙河口,阳光月秀,整租·三寰芳草园,1室1厅,60平米,2200
20190522,沙河口,阳光月秀,富鼎公寓,1室0厅,30平米,1200
20190522,沙河口,阳光月秀,阳光月秀,1室1厅,36平米,1600
20190522,沙河口,阳光月秀,新华同仁轩,1室0厅,37平米,1600
20190522,沙河口,阳光月秀,阳光月秀,1室0厅,45平米,1700
20190522,沙河口,阳光月秀,整租·阳光月秀,1室0厅,33平米,1600
20190522,沙河口,阳光月秀,阳光月秀,2室1厅,92平米,2900
20190522,沙河口,阳光月秀,整租·御园,2室1厅,62平米,3000
20190522,沙河口,阳光月秀,阳光月秀,2室1厅,90平米,2500
20190522,沙河口,阳光月秀,阳光月秀,2室1厅,93平米,3300
20190522,沙河口,阳光月秀,御园,3室2厅,133平米,3800
20190522,沙河口,阳光月秀,富鼎公寓,1室1厅,25平米,1300
20190522,沙河口,阳光月秀,天河新苑,2室1厅,97平米,2700
20190522,沙河口,阳光月秀,富鼎公寓,1室1厅,31平米,1400
20190522,沙河口,阳光月秀,富鼎公寓,1室1厅,37平米,1500
20190522,沙河口,阳光月秀,御园,1室1厅,41平米,2300
20190522,沙河口,阳光月秀,阳光月秀,2室1厅,96平米,2900
20190522,沙河口,阳光月秀,天河新苑,2室2厅,97平米,2800
20190522,沙河口,阳光月秀,御园,3室2厅,110平米,2500
20190522,沙河口,阳光月秀,整租·御园,2室1厅,62平米,2200
20190522,沙河口,阳光月秀,富民公寓,1室1厅,55平米,1700
20190522,沙河口,阳光月秀,御园,2室2厅,84平米,3300
20190522,沙河口,阳光月秀,富民公寓,1室0厅,43平米,1000
20190522,沙河口,阳光月秀,富民公寓,1室0厅,27平米,850
20190522,沙河口,阳光月秀,新华同仁轩,1室1厅,35平米,2300
20190522,沙河口,阳光月秀,富鼎公寓,1室1厅,38平米,1600
20190522,沙河口,阳光月秀,富鼎公寓,1室0厅,40平米,1650
20190522,沙河口,阳光月秀,富民公寓,1室1厅,30平米,1100
20190522,沙河口,阳光月秀,富鼎公寓,1室0厅,35平米,1700
20190522,沙河口,阳光月秀,富鼎公寓,1室1厅,55平米,2000
20190522,沙河口,阳光月秀,整租·三寰芳草园,2室1厅,90平米,3100
20190522,沙河口,阳光月秀,新华同仁轩,1室1厅,44平米,1750
