"_id",address,area,direction,price,region,rooms,title,traffic
5cd8fd4e66ce8e8c77f592e1,开发区-安盛-德泰时代广场,119,"朝南北
            ",8500,开发,3室2厅,德泰时代广场 精装修3室 配套齐全 位置好 近轻轨站,
5cd8fd4e66ce8e8c77f592e2,开发区-湾里-金湾新城,68,"朝南北
            ",750,开发,2户合租,湾里东 2室1厅 1300元,
5cd8fd4e66ce8e8c77f592e3,开发区-万国-凯伦凯越,70,"朝南
            ",1700,开发,1室1厅,凯伦温泉旁1居室近体育公园视野好配置全实景拍摄拎包入住急租,
5cd8fd4e66ce8e8c77f592e4,开发区-安盛-新星里,40,"朝南
            ",1500,开发,1室1厅,"新星里6楼精装,拎包入住家电齐全",
5cd8fd4e66ce8e8c77f592e5,开发区-金石滩-金石明珠,1450,"朝南
            ",1450,开发,2室1厅,金石滩 金石明珠 家具家电齐全 拎包入住 1450元,
5cd8fd4e66ce8e8c77f592e6,开发区-滨海路-华润海中国三期,155,"朝南北
            ",4600,开发,3室2厅,华润海中国三期前排海景房装修杠杠的配置全拎包入住看房随时,
5cd8fd4e66ce8e8c77f592e7,开发区-倚山里-倚山里,90,"朝南北
            ",2000,开发,2室1厅,"倚山里交通便利,金马商圈,,拎包入住",
5cd8fd4e66ce8e8c77f592e8,开发区-万国-万国宫馆三期,55,"朝南
            ",1900,开发,1室1厅,万国宫馆三期精装一居室拎包入住配置齐全包物业取暖看房随时,
5cd8fd4e66ce8e8c77f592e9,开发区-安盛-安盛花园,41,"朝南
            ",1500,开发,1室1厅,安盛花园一室精装修 楼层好 采光足 家具家电齐全,
5cd8fd4e66ce8e8c77f592ea,开发区-金石滩-万达金石天成,58,"朝南
            ",1500,开发,1室1厅,万达金石天成 拎包入住 家电齐全 包物业取暖 1500/月,
5cd8fd4e66ce8e8c77f592eb,开发区-滨海路-华润海中国三期,100,"朝南北
            ",3000,开发,2室2厅,华润海中国三期精装二居室配置全包物业取暖拎包入住看房随时急租,
5cd8fd4e66ce8e8c77f592ec,开发区-金石滩-鲁能优山美地,110,"朝南北
            ",3800,开发,3室1厅,金石滩鲁能泰山七号 精装修 3800 包物业取暖,
5cd8fd4e66ce8e8c77f592ed,开发区-岗西-岗松里,84,"朝南北
            ",1800,开发,3室1厅,"开发区岗松里核心位置,出租,家电齐全,三室一厅!",
5cd8fd4e66ce8e8c77f592ee,开发区-万国-金马杰座,48,"朝西
            ",2000,开发,1室1厅,出租 金马杰座 精装修 一室一厅 干净整洁 适合上班族 情侣居住,
5cd8fd4e66ce8e8c77f592ef,开发区-东城-东城天下,50,"朝南
            ",1350,开发,1室1厅,南北通透 两室一厅 屋里干净,
5cd8fd4e66ce8e8c77f592f0,开发区-金石滩-鲁能优山美地,114,"朝南北
            ",3200,开发,3室2厅,金石滩鲁能泰山七号 精装修 3200 包物业取暖,
5cd8fd4e66ce8e8c77f592f1,开发区-万国-亿锋广场,45,"朝南
            ",2000,开发,1室1厅,亿锋广场 一室一厅 精装修 出租 随时看房 家具家电齐全 拎包入,
5cd8fd4e66ce8e8c77f592f2,开发区-万国-亿锋广场,46,"朝南
            ",1800,开发,1室1厅,亿锋广场 一室一厅 精装修 出租 随时看房,
5cd8fd4e66ce8e8c77f592f3,开发区-海富-九龙汇,83,"朝东南
            ",1700,开发,2室2厅,九龙汇 2室2厅环境好 采光好 新隆嘉超市 九龙汇广场 随时看房,
5cd8fd4e66ce8e8c77f592f4,开发区-安盛-德泰时代广场,138,"朝南北
            ",8000,开发,3室2厅,德泰时代广场 精装修3室 南北通厅 配套齐全 随时看房,
5cd8fd4e66ce8e8c77f592f5,开发区-万国-亿锋广场,46,"朝南
            ",1900,开发,1室1厅,亿锋广场 一室一厅 精装修 出租 随时看房,
5cd8fd4e66ce8e8c77f592f6,开发区-滨海路-华润海中国二期,88,"朝南
            ",2600,开发,2室2厅,华润海中国二期 视野开阔 采光充足,
5cd8fd4e66ce8e8c77f592f7,开发区-红梅-君悦豪庭,57,"朝北
            ",1500,开发,1室1厅,君悦豪庭精装1居室家具家电全拎包入住包物业取暖房主急租,
5cd8fd4e66ce8e8c77f592f8,开发区-万国-万国宫馆三期,53,"朝东
            ",1800,开发,1室1厅,万国宫馆三期精装1居室房主着急租配置齐全拎包入住看房随时,
5cd8fd4e66ce8e8c77f592f9,开发区-红梅-世元国际公寓,40,"朝西
            ",1600,开发,1室1厅,世元国际只・租1600出租全新配置随时看房,
5cd8fd4e66ce8e8c77f592fa,开发区-红星海-红星海世界观三期,68,"朝南
            ",2100,开发,2室1厅,红星海三期境界 2室出租,
5cd8fd4e66ce8e8c77f592fb,开发区-金石滩-鲁能优山美地,95,"朝南北
            ",3500,开发,2室2厅,金石滩美国旁 鲁能优山美地琴海园 精装修 3500元,
5cd8fd4e66ce8e8c77f592fc,开发区-安盛-东北明珠,90,"朝南
            ",2600,开发,2室2厅,万达 安盛 轻轨站旁 东北明珠 2室出租 看房提前打电话,
5cd8fd4e66ce8e8c77f592fd,开发区-湾里-湾里南,73,"朝南
            ",1550,开发,2室1厅,湾里南 2室1厅 装修保持好,
5cd8fd4e66ce8e8c77f592fe,开发区-万国-金科清都记忆,63,"朝南
            ",1800,开发,1室1厅,真照片 金科清都记忆 价房子 标准一室一厅,
5cd8fd4e66ce8e8c77f592ff,开发区-万国-万国宫馆三期,58,"朝南
            ",1900,开发,1室1厅,万国宫馆三期精装1室配置全拎包入住看房随时包物业取暖房主急租,
5cd8fd5166ce8e8c77f59300,开发区-湾里-湾里南,69,"朝南北
            ",1700,开发,2室1厅,湾里南 楼层好 家电齐全 拎包入住,
5cd8fd5166ce8e8c77f59301,开发区-松峪里-北欧假日,79,"朝西北
            ",2800,开发,2室1厅,北欧假日.出租.精装两室.有空调.着急出租.价格可议,
5cd8fd5166ce8e8c77f59302,开发区-滨海路-华润海中国三期,65,"朝南
            ",2200,开发,1室1厅,华润海中国一室一厅出租配置拎包入住包物业取暖房主急租,
5cd8fd5166ce8e8c77f59303,开发区-东城-东城天下,50,"朝南
            ",1300,开发,1室1厅,南北通透 两室一厅 屋里干净,
5cd8fd5166ce8e8c77f59304,开发区-海富-瑞仕尚城,58,"朝南
            ",1600,开发,1室1厅,瑞士商城 精装 两室 设施齐全 看房免费 急租,
5cd8fd5166ce8e8c77f59305,开发区-滨海路-恒大公园大道,175,"朝南北
            ",6800,开发,3室2厅,恒大公园大道精装三居室拎包入住家具家电齐全一线海景房小区,
5cd8fd5166ce8e8c77f59306,开发区-金石滩-阳光地中海,111,"朝南北
            ",2500,开发,3室2厅,金石滩 阳光地中海 111平三室两厅,
5cd8fd5166ce8e8c77f59307,开发区-松峪里-北欧假日,67,"朝东北
            ",1850,开发,1室1厅,北欧假日 一室房子 居住舒适 诚心出租,
5cd8fd5166ce8e8c77f59308,开发区-西山-银帆国际,97,"朝南北
            ",2750,开发,3室1厅,金马路轻轨站旁银帆国际 精装南北通厅三室 两部空调 价格可议,
5cd8fd5166ce8e8c77f59309,开发区-万国-万国宫馆,55,"朝南
            ",1800,开发,1室1厅,"万国公馆豪华装修,欧式家具,公主床,随时看房",
5cd8fd5166ce8e8c77f5930a,开发区-万国-亿锋广场,83,"朝南北
            ",3000,开发,3室2厅,亿锋广场.精装三室.中间楼层.采光好.,
5cd8fd5166ce8e8c77f5930b,开发区-红星海-红星海世界观郡墅二号,157,"朝南北
            ",15000,开发,3室2厅,红星海郡墅 佰万壕装 艏次出租 一线海景出门商业街,
5cd8fd5166ce8e8c77f5930c,开发区-金石滩-鲁能优山美地,88,"朝南北
            ",2500,开发,2室2厅,金石滩鲁能琴海园 近美国 3楼精装修 拎包入住,
5cd8fd5166ce8e8c77f5930d,开发区-安盛-东北明珠,86,"朝南
            ",2800,开发,2室2厅,房主急租东北明珠婚房装修温馨干净近轻轨万达广场,
5cd8fd5166ce8e8c77f5930e,开发区-万国-左岸经典,60,"朝东
            ",1400,开发,1室1厅,左岸经典 拎包入住 年轻人聚集地,
5cd8fd5166ce8e8c77f5930f,开发区-海富-绿洲半岛北岸,53,"朝南
            ",1400,开发,1室1厅,绿洲半岛北岸 一室一厅 精装修 家电齐全,
5cd8fd5166ce8e8c77f59310,开发区-海富-海富经典,93,"朝南北
            ",2800,开发,2室2厅,海富经典豪华装修两室两厅中间楼层实际面积120平,
5cd8fd5166ce8e8c77f59311,开发区-西山-远洋壹中心,45,"朝北
            ",1800,开发,1室1厅,为你而选为你为家 远洋壹中心 1室1厅 45平,
5cd8fd5166ce8e8c77f59312,开发区-松峪里-北欧假日,62,"朝北
            ",1900,开发,1室1厅,北欧假日.独立一室.家具家电齐全.拎包入住.,
5cd8fd5166ce8e8c77f59313,开发区-万国-金马杰座,70,"朝东南
            ",2200,开发,2室1厅,金马杰座样板间出租价格美丽配置全拎包入住实景拍摄看房随时,
5cd8fd5166ce8e8c77f59314,开发区-金石滩-金石明珠,89,"朝南北
            ",1600,开发,2室2厅,房源真实有效看房随时恭候,
5cd8fd5166ce8e8c77f59315,开发区-金石滩-鲁能优山美地,320,"朝南北
            ",8500,开发,3室2厅,读家房 2年起租 含物业取暖随时看房 近海边 美国 便宜,
5cd8fd5166ce8e8c77f59316,开发区-滨海路-华润海中国二期,60,"朝南
            ",2200,开发,1室1厅,华润海中国二期 标准一室一厅 D一次出租 家电齐全 我有钥匙,
5cd8fd5166ce8e8c77f59317,开发区-红星海-红星海世界观视界二号,109,"朝南
            ",4300,开发,2室1厅,滨海路红星海商业街附近4300元好房急租,
5cd8fd5166ce8e8c77f59318,开发区-金石滩-阳光地中海,118,"朝南北
            ",3000,开发,3室2厅,阳光地中海 精装三室 家电家具齐全 包物业取暖 3000/月!,
5cd8fd5166ce8e8c77f59319,开发区-万国-正泰园,67,"朝南
            ",1900,开发,2室1厅,"正泰园俩室一厅,精装修,拎包入住",
5cd8fd5166ce8e8c77f5931a,开发区-滨海路-华润海中国二期,88,"朝南
            ",3000,开发,2室2厅,华润海中国二期 装修杠杠的 房主诚心租 看房提前联系,
5cd8fd5166ce8e8c77f5931b,开发区-松峪里-北欧假日,85,"朝南
            ",2500,开发,2室1厅,"真是,照片北欧假日豪华装修手次出租有钥匙",
5cd8fd5166ce8e8c77f5931c,开发区-万国-亿锋广场,120,"朝南北
            ",3200,开发,3室2厅,亿锋广场新上3室装修保持好家具家电齐全实景拍摄随时看房急租,
5cd8fd5166ce8e8c77f5931d,开发区-松峪里-北欧假日,141,"朝南北
            ",3800,开发,3室2厅,出租 北欧假日 精装3室 南北通透 视野好 家的感觉 近公园,
5cd8fd5466ce8e8c77f5931e,开发区-湾里-湾里东,61,"朝南
            ",1400,开发,2室1厅,湾里东 2室1厅 楼层好,
5cd8fd5466ce8e8c77f5931f,开发区-滨海路-华润海中国三期,90,"朝南北
            ",3300,开发,2室1厅,开发区 华润海中国 欧式家具 豪华装修 另有万国宫馆多套出租,
5cd8fd5466ce8e8c77f59320,开发区-滨海路-华润海中国,133,"朝南北
            ",5000,开发,3室2厅,真照片华润海中国 三室 豪华装修 家电家具 一线海景,
5cd8fd5466ce8e8c77f59321,开发区-安盛-东北明珠,89,"朝南北
            ",2500,开发,2室2厅,急租!东北明珠 精装两室靠轻轨万达 包物业包取暖 看房方便,
5cd8fd5466ce8e8c77f59322,开发区-红梅-君悦豪庭,90,"朝南
            ",2700,开发,2室1厅,君悦豪庭精装2居室配置全拎包入住实景拍摄看房随时房主急租,
5cd8fd5466ce8e8c77f59323,开发区-万国-万国宫馆三期,50,"朝南
            ",2300,开发,1室1厅,万国公馆三期小户型出租 精装修 三包,
5cd8fd5466ce8e8c77f59324,开发区-西山-远洋壹中心,73,"朝东北
            ",3600,开发,1室0厅,为你而选为你为家 远洋壹中心 1室0厅 72平,
5cd8fd5466ce8e8c77f59325,开发区-滨海路-海湾城,136,"朝南北
            ",3500,开发,3室2厅,精装标准 三室户型 看房方便,
5cd8fd5466ce8e8c77f59326,开发区-滨海路-华润海中国四期,86,"朝南
            ",2400,开发,2室1厅,华润海中国四期精装修低价房源,
5cd8fd5466ce8e8c77f59327,开发区-滨海路-华润海中国,88,"朝南
            ",2600,开发,2室1厅,"华润一期,精装修,海景房,随时看房",
5cd8fd5466ce8e8c77f59328,开发区-岗西-新辰里,51,"朝南北
            ",1100,开发,2室1厅,为你而选为你为家 新辰里 2室1厅 51平,
5cd8fd5466ce8e8c77f59329,开发区-滨海路-华润海中国二期,88,"朝南
            ",4300,开发,2室1厅,金碧辉煌 装修花了70多万 华润海中国豪装两室,
5cd8fd5466ce8e8c77f5932a,开发区-安盛-亿锋现代城,102,"朝南北
            ",3000,开发,2室2厅,亿锋现代城新上2居室小区xi缺房源出租配置全带空调拎包入住,
5cd8fd5466ce8e8c77f5932b,开发区-滨海路-华润海中国四期,133,"朝南北
            ",5000,开发,3室2厅,真照片华润海中国 三室 豪华装修 家电家具 一线海景,
5cd8fd5466ce8e8c77f5932c,开发区-东城-东城天下,45,"朝南
            ",1300,开发,1室1厅,东城天下 一室一厅 超低价格 1300 随时看房 拎包入住,
5cd8fd5466ce8e8c77f5932d,开发区-东山-东山小区,58,"朝南北
            ",1300,开发,1室1厅,东山小区 交通便利 南北通透拎包入住 干净 采光好,
5cd8fd5466ce8e8c77f5932e,开发区-松峪里-北欧假日,49,"朝南
            ",1600,开发,1室1厅,北欧假日.童牛岭.精装南向独立一室.家具家电齐全.拎包入住.,
5cd8fd5466ce8e8c77f5932f,开发区-滨海路-华润海中国二期,88,"朝南
            ",3000,开发,2室2厅,华润海中国二期 装修杠杠的 房主诚心租 看房提前联系,
5cd8fd5466ce8e8c77f59330,开发区-金石滩-万达金石天成,102,"朝南北
            ",1980,开发,3室2厅,全新布置精装修100平大房押一付一,
5cd8fd5466ce8e8c77f59331,开发区-东城-东城天下,45,"朝南
            ",1350,开发,1室1厅,东城天下 一室一厅 屋里干净 随时看房 拎包入住,
5cd8fd5466ce8e8c77f59332,开发区-松峪里-北欧假日,79,"朝西北
            ",2800,开发,2室1厅,北欧假日.出租.精装两室.有空调.着急出租.价格可议,
5cd8fd5466ce8e8c77f59333,开发区-松峪里-北欧假日,37,"朝东
            ",1500,开发,1室1厅,"北欧假日一室,户型好,房主诚心出租",
5cd8fd5466ce8e8c77f59334,开发区-万国-亿锋广场,83,"朝南北
            ",3000,开发,3室2厅,亿锋广场.精装三室.中间楼层.采光好.,
5cd8fd5466ce8e8c77f59335,开发区-万国-万国宫馆三期,58,"朝南
            ",1900,开发,1室1厅,万国宫馆三期精装1室配置全拎包入住看房随时包物业取暖房主急租,
5cd8fd5466ce8e8c77f59336,开发区-万国-亿锋广场,31,"朝西北
            ",1600,开发,1室1厅,亿锋广场 一室一厅 精装修 出租 随时看房 家具家电齐全 拎包入,
5cd8fd5466ce8e8c77f59337,开发区-湾里-金湾新城,68,"朝南北
            ",750,开发,2户合租,湾里东 2室1厅 1300元,
5cd8fd5466ce8e8c77f59338,开发区-湾里-港湾观海,59,"朝南
            ",800,开发,2户合租,港湾观海 2室1厅 电梯房,
5cd8fd5466ce8e8c77f59339,开发区-滨海路-恒大公园大道,175,"朝南北
            ",6800,开发,3室2厅,恒大公园大道精装三居室拎包入住家具家电齐全一线海景房小区,
5cd8fd5466ce8e8c77f5933a,开发区-滨海路-恒大公园大道,78,"朝南
            ",3000,开发,1室1厅,公园大道精装一居室一线海景房配置全拎包入住看房随时房主急租,
5cd8fd5466ce8e8c77f5933b,开发区-金石滩-鲁能优山美地,95,"朝南北
            ",3000,开发,2室2厅,金石滩鲁能琴海园 近美国 2楼精装修 拎包入住,
5cd8fd5766ce8e8c77f5933c,开发区-万国-亿锋广场,46,"朝南
            ",1900,开发,1室1厅,亿锋广场 一室一厅 精装修 出租 随时看房,
5cd8fd5766ce8e8c77f5933d,开发区-松峪里-北欧假日,48,"朝南
            ",1700,开发,1室1厅,北欧假日 一室房子 居住舒适 诚心出租,
5cd8fd5766ce8e8c77f5933e,开发区-金石滩-阳光地中海,4000,"朝南
            ",4000,开发,4室3厅,金石滩 枫叶旁阳光地中海 精装修 拎包入住 4000元,
5cd8fd5766ce8e8c77f5933f,开发区-金石滩-阳光地中海,111,"朝南北
            ",2500,开发,3室2厅,金石滩 阳光地中海 111平三室两厅,
5cd8fd5766ce8e8c77f59340,开发区-松峪里-北欧假日,37,"朝东
            ",1600,开发,1室1厅,"北欧假日一室,采光好,诚心出租,拎包入住",
5cd8fd5766ce8e8c77f59341,开发区-万国-亿锋广场三期,80,"朝南
            ",2300,开发,2室1厅,亿锋广场精装2居室配置全拎包入住包物业取暖随时可以入住急租,
5cd8fd5766ce8e8c77f59342,开发区-金石滩-万达金石天成,58,"朝南
            ",1500,开发,1室1厅,万达金石天成 拎包入住 家电齐全 包物业取暖 1500/月,
5cd8fd5766ce8e8c77f59343,开发区-红星海-红星海世界观三期,68,"朝南
            ",2100,开发,2室1厅,红星海三期境界 2室出租,
5cd8fd5766ce8e8c77f59344,开发区-万国-金马杰座,54,"朝南
            ",2300,开发,2室1厅,出租 金马杰座 精装修两室一厅 近轻轨 交通便利 拎包入住,
5cd8fd5766ce8e8c77f59345,开发区-倚山里-大连开发区万达广场,50,"朝南
            ",2000,开发,1室1厅,"采光好,地理位置,拎包入住",
5cd8fd5766ce8e8c77f59346,开发区-滨海路-华润海中国三期,100,"朝南北
            ",3000,开发,2室2厅,华润海中国三期精装二居室配置全包物业取暖拎包入住看房随时急租,
5cd8fd5766ce8e8c77f59347,开发区-金石滩-金石城,89,"朝南北
            ",2500,开发,2室2厅,金石滩 金石城2室精装修 家具家电齐全 2500元 拎包入住,
5cd8fd5766ce8e8c77f59348,开发区-湾里-湾里南,70,"朝南北
            ",1500,开发,2室1厅,湾里南 两室一厅 拎包入住 可做饭 可洗澡,
5cd8fd5766ce8e8c77f59349,开发区-东城-东城天下,44,"朝南
            ",1300,开发,1室1厅,东城天下 一室出租 精装修 家电齐全 配套成熟 交通方便,
5cd8fd5766ce8e8c77f5934a,开发区-万国-万隆达金领地,41,"朝南
            ",1500,开发,1室0厅,"1500每月,家具家电齐全,出租,看房方便,步行300米到",
5cd8fd5766ce8e8c77f5934b,开发区-松峪里-北欧假日,67,"朝东北
            ",1850,开发,1室1厅,北欧假日 一室房子 居住舒适 诚心出租,
5cd8fd5766ce8e8c77f5934c,开发区-万国-万国宫馆三期,50,"朝南
            ",2200,开发,1室1厅,万国精装修 拎包入住 看房方便,
5cd8fd5766ce8e8c77f5934d,开发区-西山-新希望家园,76,"朝南
            ",2000,开发,2室1厅,新希望家园 近轻轨 租金低 家电齐全南向两室,
5cd8fd5766ce8e8c77f5934e,开发区-金石滩-鲁能优山美地,320,"朝南北
            ",8500,开发,3室2厅,读家房 2年起租 含物业取暖随时看房 近海边 美国 便宜,
5cd8fd5766ce8e8c77f5934f,开发区-金石滩-金石明珠,1450,"朝南
            ",1450,开发,2室1厅,金石滩 金石明珠 家具家电齐全 拎包入住 1450元,
5cd8fd5766ce8e8c77f59350,开发区-万国-青松南里,51,"朝东
            ",1400,开发,1室1厅,"青松南里,温馨一室,采光好,拎包入住",
5cd8fd5766ce8e8c77f59351,开发区-东山-东山小区,55,"朝南北
            ",1400,开发,2室1厅,"东山小区低价无租,交通便利,离童牛岭近",
5cd8fd5766ce8e8c77f59352,开发区-湾里-金湾山城,75,"朝南
            ",1200,开发,2室1厅,整租 金湾山城二室一厅75平,
5cd8fd5766ce8e8c77f59353,开发区-金石滩-金石明珠,90,"朝南
            ",2200,开发,2室2厅,金石滩 金石明珠 家具家电齐全 拎包入住 2200元,
5cd8fd5766ce8e8c77f59354,开发区-滨海路-热岛黄金海岸,98,"朝南
            ",2200,开发,2室1厅,"热岛海景房,拎包入住",
5cd8fd5766ce8e8c77f59355,开发区-滨海路-华润海中国三期,96,"朝南北
            ",3000,开发,2室2厅,华润海中国万国宫馆急租随时看房,
5cd8fd5766ce8e8c77f59356,开发区-滨海路-华润海中国二期,183,"朝南北
            ",2500,开发,3室2厅,华润海中国 急租双南卧南北通厅大三室 可做宿舍或库房,
5cd8fd5766ce8e8c77f59357,开发区-金石滩-鲁能优山美地,88,"朝南北
            ",2500,开发,2室2厅,金石滩鲁能琴海园 近美国 3楼精装修 拎包入住,
5cd8fd5766ce8e8c77f59358,开发区-红梅-世元国际公寓,40,"朝西
            ",1600,开发,1室1厅,世元国际只・租1600出租全新配置随时看房,
5cd8fd5766ce8e8c77f59359,开发区-金石滩-万达金石天成,59,"朝南
            ",1500,开发,1室1厅,万达金石天成 家电齐全 精装修 1500/月 包物业取暖 拎包住!,
5cd8fd5a66ce8e8c77f5935a,开发区-滨海路-华润海中国,88,"朝南
            ",3000,开发,2室2厅,"华润海中国一期 ,高楼层能看海以前房主自己住,钥匙房",
5cd8fd5a66ce8e8c77f5935b,开发区-金石滩-阳光地中海,4000,"朝南
            ",4000,开发,4室3厅,金石滩 枫叶旁阳光地中海 精装修 拎包入住 4000元,
5cd8fd5a66ce8e8c77f5935c,开发区-倚山里-大连开发区万达广场,50,"朝南
            ",2000,开发,1室1厅,"采光好,地理位置,拎包入住",
5cd8fd5a66ce8e8c77f5935d,开发区-金石滩-鲁能优山美地,95,"朝南北
            ",3000,开发,2室2厅,金石滩鲁能琴海园 近美国 2楼精装修 拎包入住,
5cd8fd5a66ce8e8c77f5935e,开发区-东山-东山小区,55,"朝南北
            ",1400,开发,2室1厅,"东山小区低价无租,交通便利,离童牛岭近",
5cd8fd5a66ce8e8c77f5935f,开发区-松峪里-北欧假日,50,"朝东
            ",1700,开发,1室1厅,北欧假日 拎包入住 家电齐全,
5cd8fd5a66ce8e8c77f59360,开发区-东山-东山小区,55,"朝南北
            ",1600,开发,2室1厅,商业街火位置 紧靠铜牛岭,
5cd8fd5a66ce8e8c77f59361,开发区-金石滩-金石明珠,80,"朝南北
            ",1500,开发,2室1厅,金石滩 鲁美大学旁 纳帕小区家具家电齐全 拎包入住1500,
5cd8fd5a66ce8e8c77f59362,开发区-东城-东城天下,45,"朝南
            ",1300,开发,1室1厅,东城天下 一室一厅 超低价格 1300 随时看房 拎包入住,
5cd8fd5a66ce8e8c77f59363,开发区-松峪里-山海家园,47,"朝南
            ",2000,开发,1室1厅,山海家园.可看海.精装一室.有空调.家电齐全拎包入住,
5cd8fd5a66ce8e8c77f59364,开发区-安盛-东北明珠,89,"朝南北
            ",2500,开发,2室2厅,急租!东北明珠 精装两室靠轻轨万达 包物业包取暖 看房方便,
5cd8fd5a66ce8e8c77f59365,开发区-万国-万国宫馆,81,"朝南
            ",2900,开发,2室1厅,万国公馆一期 精装两室 出租 家具家电齐全,
5cd8fd5a66ce8e8c77f59366,开发区-岗西-新辰里,51,"朝南北
            ",1100,开发,2室1厅,为你而选为你为家 新辰里 2室1厅 51平,
5cd8fd5a66ce8e8c77f59367,开发区-万国-亿锋广场三期,50,"朝南
            ",1700,开发,1室1厅,亿锋广场南向一居室家具家电齐全包物业取暖拎包入住房主急租,
5cd8fd5a66ce8e8c77f59368,开发区-海富-瑞仕尚城,83,"朝南
            ",2200,开发,2室1厅,瑞士商城 南北向两室 设施齐全 包物业取暖 看房免费 急租,
5cd8fd5a66ce8e8c77f59369,开发区-金石滩-大连金石滩鲁能胜地,195,"朝南北
            ",7999,开发,3室2厅,鲁能大宅 精装修拎包入住看房方便交通便利南北通透封闭式管理,
5cd8fd5a66ce8e8c77f5936a,开发区-湾里-湾里南,48,"朝南
            ",1400,开发,1室1厅,南北通透 两室一厅 屋里干净,
5cd8fd5a66ce8e8c77f5936b,开发区-松峪里-北欧假日,48,"朝南
            ",1700,开发,1室1厅,北欧假日 一室房子 居住舒适 诚心出租,
5cd8fd5a66ce8e8c77f5936c,开发区-保税区-圣地秋实,45,"朝南
            ",1800,开发,1室1厅,"秋实新小区,精装修出租看房方便",
5cd8fd5a66ce8e8c77f5936d,开发区-万国-万国宫馆,86,"朝南
            ",2499,开发,2室2厅,"万国公馆一口价房源,只租2500,只租2500,有钥匙随时看",
5cd8fd5a66ce8e8c77f5936e,开发区-滨海路-华润海中国六期,116,"朝南北
            ",3800,开发,3室1厅,华润海中国三室出租现代装修风格干净整洁看房随时,
5cd8fd5a66ce8e8c77f5936f,开发区-红梅-君悦豪庭,90,"朝南
            ",2700,开发,2室1厅,君悦豪庭精装2居室配置全拎包入住实景拍摄看房随时房主急租,
5cd8fd5a66ce8e8c77f59370,开发区-松峪里-北欧假日,37,"朝东
            ",1600,开发,1室1厅,"北欧假日一室,采光好,诚心出租,拎包入住",
5cd8fd5a66ce8e8c77f59371,开发区-东城-东城天下,45,"朝南
            ",1350,开发,1室1厅,东城天下 一室一厅 屋里干净 随时看房 拎包入住,
5cd8fd5a66ce8e8c77f59372,开发区-万国-亿锋广场,31,"朝西北
            ",1600,开发,1室1厅,亿锋广场 一室一厅 精装修 出租 随时看房 家具家电齐全 拎包入,
5cd8fd5a66ce8e8c77f59373,开发区-松峪里-北欧假日,45,"朝东南
            ",1400,开发,1室1厅,北欧假日新出一居室家具家电齐全拎包入住包物业取暖业主诚心出租,
5cd8fd5a66ce8e8c77f59374,开发区-松峪里-北欧假日,49,"朝西
            ",1700,开发,1室1厅,北欧假日 一室房子 居住舒适 诚心出租,
5cd8fd5a66ce8e8c77f59375,开发区-万国-万国宫馆三期,55,"朝东南
            ",1800,开发,1室1厅,万国宫馆三期精装一居室出租带空调拎包入住看房随时房主急租,
5cd8fd5a66ce8e8c77f59376,开发区-安盛-铜锣湾,200,"朝南
            ",10000,开发,5室2厅,"铜锣湾麦凯乐都市广场可办公,新装修,看房方便",
5cd8fd5a66ce8e8c77f59377,开发区-西山-生辉第一城,47,"朝南
            ",1700,开发,2室1厅,为你而选为你为家 生辉城 2室1厅 47平,
5cd8fd5c66ce8e8c77f59378,开发区-东城-东城天下,45,"朝南
            ",1300,开发,1室0厅,东城天下 一室房屋 电梯方便 采光好,
5cd8fd5c66ce8e8c77f59379,开发区-湾里-金湾又一城,76,"朝南
            ",1300,开发,2室1厅,湾里南 两室一厅 简单装修,
5cd8fd5c66ce8e8c77f5937a,开发区-海富-绿洲半岛北岸,54,"朝南
            ",1450,开发,1室1厅,绿洲半岛北岸 一室 温馨装修,
5cd8fd5c66ce8e8c77f5937b,开发区-万国-万国宫馆,45,"朝西
            ",2000,开发,1室1厅,空调万国公馆实景拍摄一模一样哈看房抓紧,
5cd8fd5c66ce8e8c77f5937c,开发区-滨海路-华润海中国,145,"朝南北
            ",4800,开发,3室2厅,华润海中国豪华装修3居室实景拍摄配置小区品质享受急租,
5cd8fd5c66ce8e8c77f5937d,开发区-东山-东山小区,55,"朝南北
            ",1600,开发,2室1厅,商业街火位置 紧靠铜牛岭,
5cd8fd5c66ce8e8c77f5937e,开发区-滨海路-华润海中国三期,85,"朝南
            ",3000,开发,2室2厅,华润海中国三期 精装修 拎包入住,
5cd8fd5c66ce8e8c77f5937f,开发区-海富-瑞仕尚城,58,"朝南
            ",1600,开发,1室1厅,瑞士商城 精装 两室 设施齐全 看房免费 急租,
5cd8fd5c66ce8e8c77f59380,开发区-滨海路-华润海中国二期,110,"朝南北
            ",2800,开发,2室2厅,新房D一次出租 华润海中国 大客厅 家电家具齐全 我有钥匙,
5cd8fd5c66ce8e8c77f59381,开发区-万国-万国宫馆三期,53,"朝东
            ",1800,开发,1室1厅,万国宫馆三期东向1居室配置全包物业取暖拎包入住好房急租,
5cd8fd5c66ce8e8c77f59382,开发区-滨海路-华润海中国二期,114,"朝南北
            ",4500,开发,3室2厅,华润海中国二期 拎包入住,
5cd8fd5c66ce8e8c77f59383,开发区-滨海路-华润海中国,216,"朝南北
            ",13000,开发,4室2厅,适合老外华润海中国 四室两卫 豪华装修 一线海景,
5cd8fd5c66ce8e8c77f59384,开发区-万国-万国宫馆三期,56,"朝南
            ",1900,开发,1室1厅,万国宫馆三期 精装一居室 家具家电齐全包物业取暖拎包入住急租,
5cd8fd5c66ce8e8c77f59385,开发区-万国-金马杰座,50,"朝南
            ",1800,开发,1室1厅,"金马路金马杰座,一室精装,另有左岸经典万国宫馆房源出租",
5cd8fd5c66ce8e8c77f59386,开发区-万国-万国宫馆,81,"朝南
            ",2900,开发,2室1厅,万国公馆一期 精装两室 出租 家具家电齐全,
5cd8fd5c66ce8e8c77f59387,开发区-金石滩-鲁能优山美地,110,"朝南北
            ",3800,开发,3室1厅,金石滩鲁能泰山七号 精装修 3800 包物业取暖,
5cd8fd5c66ce8e8c77f59388,开发区-西山-新希望乐城,71,"朝南北
            ",1800,开发,2室1厅,近轻轨.阳光充足 拎包入住,
5cd8fd5c66ce8e8c77f59389,开发区-金石滩-鲁能优山美地,350,"朝南北
            ",10000,开发,4室2厅,一万/月 含物业取暖 家电家具齐全 联排别墅 近海滨浴场 随时看,
5cd8fd5c66ce8e8c77f5938a,开发区-金石滩-鲁能优山美地,114,"朝南北
            ",3200,开发,3室2厅,金石滩鲁能泰山七号 精装修 3200 包物业取暖,
5cd8fd5c66ce8e8c77f5938b,开发区-海富-绿洲半岛北岸,53,"朝南
            ",1400,开发,1室1厅,绿洲半岛北岸 一室一厅 精装修 家电齐全,
5cd8fd5c66ce8e8c77f5938c,开发区-滨海路-华润海中国二期,90,"朝南
            ",2500,开发,2室2厅,钥匙房 华润海中国 屋子干净 家电家具齐全 采光嗷嗷的,
5cd8fd5c66ce8e8c77f5938d,开发区-滨海路-华润海中国二期,102,"朝南北
            ",3000,开发,2室2厅,"华润海中国南北通透两部空调,高层海景,有钥匙随时看房",
5cd8fd5c66ce8e8c77f5938e,开发区-滨海路-华润海中国二期,60,"朝南
            ",2300,开发,1室1厅,华润海中国二期 标准一室一厅 D一次出租 家电齐全 我有钥匙,
5cd8fd5c66ce8e8c77f5938f,开发区-滨海路-华润海中国三期,102,"朝南
            ",2800,开发,2室1厅,"华润三期,精装修,拎包入住",
5cd8fd5c66ce8e8c77f59390,开发区-安盛-东北明珠,86,"朝南北
            ",2400,开发,2室2厅,近轻轨万达广场东北明珠两室小区 包物业 包取暖 随时看房,
5cd8fd5c66ce8e8c77f59391,开发区-万国-万国宫馆三期,55,"朝南
            ",1900,开发,1室1厅,万国宫馆三期精装一居室拎包入住配置齐全包物业取暖看房随时,
5cd8fd5c66ce8e8c77f59392,开发区-万国-正泰园,67,"朝南
            ",1900,开发,2室1厅,"正泰园俩室一厅,精装修,拎包入住",
5cd8fd5c66ce8e8c77f59393,开发区-滨海路-华润海中国二期,88,"朝南
            ",2600,开发,2室2厅,华润海中国二期 视野开阔 采光充足,
5cd8fd5c66ce8e8c77f59394,开发区-安盛-阳光馨苑,80,"朝南北
            ",2000,开发,2室2厅,阳光馨苑公主床房主工作调动真它吗干净有钥匙,
5cd8fd5c66ce8e8c77f59395,开发区-保税区-康馨壹品,96,"朝南北
            ",2400,开发,2室2厅,康馨壹品 2室2厅 南北通透 采光好,
5cd8fd5f66ce8e8c77f59396,开发区-万国-凯伦凯越,70,"朝南
            ",1700,开发,1室1厅,凯伦温泉旁1居室近体育公园视野好配置全实景拍摄拎包入住急租,
5cd8fd5f66ce8e8c77f59397,开发区-滨海路-华润海中国二期,138,"朝南北
            ",3800,开发,4室2厅,"华润二期四室,南北通透,精装修,家电齐全,拎包入住",
5cd8fd5f66ce8e8c77f59398,开发区-湾里-湾里南,48,"朝南
            ",1650,开发,1室1厅,低价出租 湾里南一室一厅 精装修,
5cd8fd5f66ce8e8c77f59399,开发区-万国-金科清都记忆,63,"朝南
            ",1800,开发,1室1厅,真照片 金科清都记忆 价房子 标准一室一厅,
5cd8fd5f66ce8e8c77f5939a,开发区-松峪里-北欧假日,57,"朝南
            ",1700,开发,1室1厅,北欧假日.精装南向一室.家居家电齐全.拎包入住..,
5cd8fd5f66ce8e8c77f5939b,开发区-高城山-一河两公园,85,"朝南北
            ",2000,开发,2室2厅,一河两公园 南北通透 两室一厅 屋里干净,
5cd8fd5f66ce8e8c77f5939c,开发区-滨海路-华润海中国,85,"朝南
            ",3000,开发,2室1厅,华润海中国七期 真 实图片海景房嘎嘎新随时看房,
5cd8fd5f66ce8e8c77f5939d,开发区-滨海路-华润海中国二期,114,"朝南北
            ",3500,开发,3室1厅,华润海中国 精装南北小三室空调房 家电家具齐 干净可,
5cd8fd5f66ce8e8c77f5939e,开发区-红星海-众益阳光海岸,300,"朝南北
            ",14000,开发,5室3厅,阳光海岸 空中花园 一线海景 帝王享受 你值得拥有,
5cd8fd5f66ce8e8c77f5939f,开发区-湾里-湾里东,91,"朝南北
            ",2000,开发,2室1厅,湾里东 两室一厅 精装修 拎包即住,
5cd8fd5f66ce8e8c77f593a0,开发区-万国-万国宫馆,55,"朝南
            ",1900,开发,1室1厅,"万国公馆豪华装修,欧式家具,公主床,随时看房",
5cd8fd5f66ce8e8c77f593a1,开发区-东城-东城天下,45,"朝南
            ",1300,开发,1室1厅,东城天下 一室一厅 南北通透 交通方便 随时看房 直接拎包入住,
5cd8fd5f66ce8e8c77f593a2,开发区-红星海-红星海世界观城市别馆二号,138,"朝南
            ",4500,开发,3室2厅,城市别馆二号 可看海 高楼层 3室2厅 拎包入住 家具家电齐全,
5cd8fd5f66ce8e8c77f593a3,开发区-万国-左岸经典,30,"朝南
            ",1400,开发,1室1厅,"左岸精装修房源,配套设施完善",
5cd8fd5f66ce8e8c77f593a4,开发区-东城-东城天下,57,"朝南
            ",1350,开发,1室0厅,东城天下 一室出租 采光好 近公交 生活配套齐全 购物方便,
5cd8fd5f66ce8e8c77f593a5,开发区-湾里-金湾山城,60,"朝南北
            ",1400,开发,2室1厅,民生园 两室一厅 精装修 南北通透 随时看房 超低价格,
5cd8fd5f66ce8e8c77f593a6,开发区-滨海路-华润海中国三期,88,"朝南
            ",2600,开发,2室2厅,急急!有空调华润海中国三期 两室一厅 房主急租 随时看房,
5cd8fd5f66ce8e8c77f593a7,开发区-倚山里-大连开发区万达广场,23,"朝南
            ",1500,开发,1室0厅,万达广场精装小户型低价出租,
5cd8fd5f66ce8e8c77f593a8,开发区-松峪里-北欧假日,45,"朝东南
            ",1400,开发,1室1厅,北欧假日新出一居室家具家电齐全拎包入住包物业取暖业主诚心出租,
5cd8fd5f66ce8e8c77f593a9,开发区-湾里-湾里南,48,"朝南
            ",1400,开发,1室1厅,南北通透 两室一厅 屋里干净,
5cd8fd5f66ce8e8c77f593aa,开发区-西山-蔚蓝国际,50,"朝南
            ",1350,开发,1室1厅,蔚蓝国际精装修家电齐全保税区西门附近,
5cd8fd5f66ce8e8c77f593ab,开发区-金石滩-万达金石天成,82,"朝南北
            ",2100,开发,2室2厅,万达金石天成 精装两室 家电齐全 包物业取暖 拎包即住 2100/月,
5cd8fd5f66ce8e8c77f593ac,开发区-滨海路-华润海中国四期,133,"朝南北
            ",4800,开发,3室2厅,华润海中国四期豪华装修房主自住房配置拎包入住房主急租,
5cd8fd5f66ce8e8c77f593ad,开发区-安盛-古耕5000,57,"朝北
            ",1500,开发,1室1厅,古耕新上1居室银帆宾馆位置好交通便利拎包入住包物业取暖,
5cd8fd5f66ce8e8c77f593ae,开发区-湾里-湾里南,80,"朝南北
            ",2100,开发,2室1厅,湾里南 两室一厅 南北通透 家电齐全 可拎包入住,
5cd8fd5f66ce8e8c77f593af,开发区-万国-万国宫馆,45,"朝西
            ",2000,开发,1室1厅,空调万国公馆实景拍摄一模一样哈看房抓紧,
5cd8fd5f66ce8e8c77f593b0,开发区-滨海路-华润海中国三期,62,"朝南北
            ",2200,开发,1室1厅,华润海中国三期 标准一室一厅,
5cd8fd5f66ce8e8c77f593b1,开发区-万国-万国宫馆,86,"朝南
            ",2499,开发,2室2厅,"万国公馆一口价房源,只租2500,只租2500,有钥匙随时看",
5cd8fd5f66ce8e8c77f593b2,开发区-万国-万国宫馆三期,53,"朝东
            ",1800,开发,1室1厅,万国宫馆三期精装1居室配置全实景拍摄包物业取暖拎包入住急租,
5cd8fd5f66ce8e8c77f593b3,开发区-滨海路-华润海中国二期,60,"朝南
            ",2200,开发,1室1厅,华润海中国二期 标准一室一厅 D一次出租 家电齐全 我有钥匙,
5cd8fd6266ce8e8c77f593b4,开发区-杏花里-名城和顺人家,76,"朝南北
            ",1800,开发,3室2厅,精装修 看房方便 视野好 采光好,
5cd8fd6266ce8e8c77f593b5,开发区-金石滩-万达金石天成,82,"朝南北
            ",2100,开发,2室2厅,万达金石天成 精装两室 家电齐全 包物业取暖 拎包即住 2100/月,
5cd8fd6266ce8e8c77f593b6,开发区-金石滩-万达金石天成,104,"朝南北
            ",2500,开发,3室2厅,金石天成 三室两厅两卫 精装修 家电家具齐全 包物业取暖 拎包住,
5cd8fd6266ce8e8c77f593b7,开发区-万国-左岸经典,30,"朝南
            ",1400,开发,1室1厅,"左岸精装修房源,配套设施完善",
5cd8fd6266ce8e8c77f593b8,开发区-万国-万国宫馆,96,"朝南
            ",2900,开发,2室1厅,万国宫馆精装2居室装修不错拎包入住看房随时包物业取暖急租,
5cd8fd6266ce8e8c77f593b9,开发区-万国-凯伦凯越,70,"朝南
            ",1700,开发,1室1厅,凯伦温泉旁精装1居室家具家电齐全拎包入住包物业取暖好房急租,
5cd8fd6266ce8e8c77f593ba,开发区-保税区-苏荷壹号,47,"朝南
            ",1750,开发,1室1厅,苏荷壹号精装现房拎包入住,
5cd8fd6266ce8e8c77f593bb,开发区-金石滩-金石城,89,"朝南北
            ",2500,开发,2室2厅,金石滩 金石城2室精装修 家具家电齐全 2500元 拎包入住,
5cd8fd6266ce8e8c77f593bc,开发区-滨海路-华润海中国二期,87,"朝南
            ",2500,开发,2室1厅,(真照片华润海中国的两室有钥匙随时看房,
5cd8fd6266ce8e8c77f593bd,开发区-滨海路-华润海中国,216,"朝南北
            ",13000,开发,4室2厅,适合老外华润海中国 四室两卫 豪华装修 一线海景,
5cd8fd6266ce8e8c77f593be,开发区-万国-正泰园,67,"朝南
            ",2000,开发,2室1厅,"正泰园俩室一厅,采光好视野好,交通便利",
5cd8fd6266ce8e8c77f593bf,开发区-滨海路-华润海中国三期,96,"朝南北
            ",3000,开发,2室2厅,华润海中国万国宫馆急租随时看房,
5cd8fd6266ce8e8c77f593c0,开发区-滨海路-华润海中国,88,"朝南
            ",2600,开发,2室1厅,"华润一期,精装修,海景房,随时看房",
5cd8fd6266ce8e8c77f593c1,开发区-红梅-翠竹小区,113,"朝南北
            ",2400,开发,3室2厅,"地脚好,交通便利,家具家电齐全拎包入住",
5cd8fd6266ce8e8c77f593c2,开发区-金石滩-金石明珠三期,108,"朝南北
            ",2200,开发,2室2厅,金石滩 金石明珠三期 108平,
5cd8fd6266ce8e8c77f593c3,开发区-滨海路-热岛黄金海岸,98,"朝南
            ",2200,开发,2室1厅,"热岛海景房,拎包入住",
5cd8fd6266ce8e8c77f593c4,开发区-万国-万国宫馆三期,53,"朝东
            ",1800,开发,1室1厅,万国宫馆三期东向1居室配置全包物业取暖拎包入住好房急租,
5cd8fd6266ce8e8c77f593c5,开发区-万国-万国宫馆,45,"朝西
            ",2000,开发,1室1厅,空调万国公馆实景拍摄一模一样哈看房抓紧,
5cd8fd6266ce8e8c77f593c6,开发区-万国-万国宫馆三期,55,"朝西
            ",2000,开发,1室1厅,万国宫馆三期即将到期好房子家具家电齐全带空调拎包入住房主急租,
5cd8fd6266ce8e8c77f593c7,开发区-西山-蔚蓝国际,50,"朝南
            ",1350,开发,1室1厅,蔚蓝国际精装修家电齐全保税区西门附近,
5cd8fd6266ce8e8c77f593c8,开发区-金石滩-万达金石天成,82,"朝南北
            ",2000,开发,2室2厅,金石天成包物业取暖 精装修电梯洋房家电齐全拎包入住2000/月,
5cd8fd6266ce8e8c77f593c9,开发区-安盛-东北明珠,85,"朝南
            ",2500,开发,2室1厅,东北明珠安盛购物广场金马路开发区轻轨站房子自带空中花园,
5cd8fd6266ce8e8c77f593ca,开发区-湾里-山河御景,70,"朝南北
            ",1900,开发,2室2厅,山河御景 两室两厅 南北通透 超低价格 随时看房 拎包入住,
5cd8fd6266ce8e8c77f593cb,开发区-金石滩-水木华庭,40,"朝南北
            ",1100,开发,1室1厅,急租金石滩水木华庭一室一厅一卫1100元/月,
5cd8fd6266ce8e8c77f593cc,开发区-滨海路-海湾城,136,"朝南北
            ",3500,开发,3室2厅,精装标准 三室户型 看房方便,
5cd8fd6266ce8e8c77f593cd,开发区-万国-万国宫馆三期,50,"朝南
            ",2200,开发,1室1厅,万国精装修 拎包入住 看房方便,
5cd8fd6266ce8e8c77f593ce,开发区-西山-祥福园,20,"朝南
            ",700,开发,2户合租,快轨金马路 祥福园 南向精装 主卧出租 限女生 包水电宽带,个人房源
5cd8fd6266ce8e8c77f593cf,开发区-滨海路-华润海中国六期,80,"朝南
            ",3200,开发,2室1厅,华润海中国六期 无遮挡一线海景房 精装2房拎包入住,个人房源
5cd8fd6266ce8e8c77f593d0,开发区-万国-亿锋广场三期,46,"朝南
            ",2000,开发,1室1厅,亿锋广场三期1室1厅1卫,个人房源
5cd8fd6266ce8e8c77f593d1,开发区-西山-远洋壹中心,46,"朝西北
            ",2500,开发,1室1厅,远洋壹中心 整租 1室1厅1卫 45.72平米(个人),个人房源
5cd8fd6466ce8e8c77f593d2,开发区-倚山里-天都花园,42,"朝南北
            ",4200,开发,1室1厅,天都花园1室1厅1卫,个人房源
5cd8fd6466ce8e8c77f593d3,开发区-西山-祥福园,20,"朝南
            ",700,开发,2户合租,"快轨金马路南向精装卧室出租,只租一女孩,包水电、宽带等",个人房源
5cd8fd6466ce8e8c77f593d4,开发区-红梅-红梅小区,88,"朝南北
            ",2200,开发,3室1厅,红梅小区 整租 3室1厅1卫 88平米(个人),个人房源
5cd8fd6466ce8e8c77f593d5,开发区-滨海路-华润海中国五期,141,"朝南北
            ",3500,开发,3室2厅,华润海中国五期3室2厅2卫,个人房源
5cd8fd6466ce8e8c77f593d6,开发区-东城-聚美东湾,85,"朝南
            ",2700,开发,3室2厅,聚美东湾 整租 3室2厅1卫 85平米(个人),个人房源
5cd8fd6466ce8e8c77f593d7,开发区-金石滩-王仔假日,90,"朝南北
            ",2800,开发,2室2厅,王仔假日 整租 2室2厅1卫 90平米(个人),个人房源
5cd8fd6466ce8e8c77f593d8,开发区-西山-生辉第一城,88,"朝北
            ",1600,开发,2室1厅,生辉第一城 整租 2室1厅1卫 88平米(个人),个人房源
5cd8fd6466ce8e8c77f593d9,开发区-保税区-金科理想城,96,"朝南北
            ",2600,开发,3室2厅,开发区保税区金科理想城 96平米3室2厅1卫,个人房源
5cd8fd6466ce8e8c77f593da,开发区-金石滩-阳光地中海,400,"朝北
            ",7000,开发,6室3厅,阳光地中海 整租 6室3厅5卫 400平米(个人),个人房源
5cd8fd6466ce8e8c77f593db,开发区-万国-金马杰座,61,"朝西南
            ",3200,开发,3室1厅,金马杰座 整租 3室1厅2卫 61.23平米(个人),个人房源
5cd8fd6466ce8e8c77f593dc,开发区-红梅-红梅小区,86,"朝南
            ",3800,开发,2室1厅,红梅小区2室1厅1卫,个人房源
5cd8fd6466ce8e8c77f593dd,开发区-安盛-五彩城快轨开发区站,15,"朝南北
            ",280,开发,2户合租,五彩城快轨开发区站合租*间9室3卫性别不限,个人房源
5cd8fd6466ce8e8c77f593de,开发区-安盛-五彩城快轨开发区站,15,"朝南北
            ",400,开发,2户合租,五彩城快轨开发区站合租*间9室3卫性别不限,个人房源
5cd8fd6466ce8e8c77f593df,开发区-安盛-五彩城快轨开发区站,15,"朝南北
            ",300,开发,2户合租,五彩城快轨开发区站合租*间9室3卫性别不限,个人房源
5cd8fd6466ce8e8c77f593e0,开发区-保税区-新青年汇,38,"朝西南
            ",980,开发,1室1厅,新青年汇1室1厅1卫,个人房源
5cd8fd6466ce8e8c77f593e1,开发区-安盛-叠翠花香,140,"朝南北
            ",2200,开发,3室2厅,叠翠花香3室2厅2卫,个人房源
5cd8fd6466ce8e8c77f593e2,开发区-海富-海富经典,59,"朝南
            ",1700,开发,1室1厅,海富经典1室1厅1卫,个人房源
5cd8fd6466ce8e8c77f593e3,开发区-安盛-亿锋现代城,48,"朝东西
            ",1500,开发,1室1厅,开发区安盛亿锋现代城 48平米1室1厅2卫,个人房源
5cd8fd6466ce8e8c77f593e4,开发区-海富-海富经典,93,"朝南
            ",2200,开发,2室2厅,开发区海富海富经典 93平米2室2厅1卫,个人房源
5cd8fd6466ce8e8c77f593e5,开发区-保税区-高泰里,60,"朝南北
            ",1400,开发,2室1厅,高泰里2室1厅1卫,个人房源
5cd8fd6466ce8e8c77f593e6,开发区-滨海路-华润海中国,88,"朝南
            ",3000,开发,2室2厅,华润海中国2室2厅1卫,个人房源
5cd8fd6466ce8e8c77f593e7,开发区-西山-吉祥e家,73,"朝南
            ",700,开发,1室1厅,吉祥e家1室1厅1卫,个人房源
5cd8fd6466ce8e8c77f593e8,开发区-金石滩-恒基碧桂园别墅,140,"朝南北
            ",10000,开发,3室1厅,恒基碧桂园别墅 整租 3室1厅2卫 140平米(个人),个人房源
5cd8fd6466ce8e8c77f593e9,开发区-金石滩-恒基碧桂园别墅,140,"朝南北
            ",10000,开发,3室1厅,恒基碧桂园别墅 整租 3室1厅2卫 140平米(个人),个人房源
5cd8fd6466ce8e8c77f593ea,开发区-西山-银帆国际,61,"朝南
            ",2200,开发,2室1厅,银帆国际 整租 2室1厅1卫 61平米(个人),个人房源
5cd8fd6466ce8e8c77f593eb,开发区-滨海路-华润海中国,88,"朝南
            ",3000,开发,2室2厅,华润海中国 整租 2室2厅1卫 88平米(个人),个人房源
5cd8fd6466ce8e8c77f593ec,开发区-金石滩-水木华庭,40,"朝南
            ",1200,开发,1室1厅,水木华庭 整租 1室1厅1卫 40平米(个人),个人房源
5cd8fd6766ce8e8c77f593ed,开发区-湾里-开发区东城天下,44,"朝南
            ",1300,开发,1室1厅,开发区湾里开发区东城天下 44.4平米1室1厅1卫,个人房源
5cd8fd6766ce8e8c77f593ee,开发区-倚山里-椅园里天都花园共建门头*,45,"朝南
            ",4200,开发,1室1厅,椅园里天都花园共建门头*两用1室1厅1卫,个人房源
5cd8fd6766ce8e8c77f593ef,开发区-安盛-开建阳光馨苑,53,"朝南
            ",1800,开发,1室1厅,开发区安盛 53平米1室1厅1卫,个人房源
5cd8fd6766ce8e8c77f593f0,开发区-倚山里-通达公寓,28,"朝南
            ",700,开发,1室1厅,通达公寓 整租 1室1厅1卫 28平米(个人),个人房源
5cd8fd6766ce8e8c77f593f1,开发区-高城山-远洋时代城,18,"朝南
            ",750,开发,2户合租,远洋时代城 合租 *间18平米1室性别不限,个人房源
5cd8fd6766ce8e8c77f593f2,开发区-安盛-醒港春园,60,"朝西南
            ",1500,开发,2室1厅,醒港春园2室1厅1卫,个人房源
5cd8fd6766ce8e8c77f593f3,开发区-滨海路-华润海中国二期,57,"朝南
            ",1850,开发,1室1厅,华润海中国二期 整租 1室1厅1卫 57.25平米(个人),个人房源
5cd8fd6766ce8e8c77f593f4,开发区-岗西-东阁里,28,"朝南北
            ",800,开发,2户合租,东阁里合租主卧3室2厅2卫性别不限,个人房源
5cd8fd6766ce8e8c77f593f5,开发区-红星海-红星海世界观岚谷,88,"朝南北
            ",2700,开发,2室2厅,开发区红星海红星海世界观岚谷 88平米2室2厅1卫,个人房源
5cd8fd6766ce8e8c77f593f6,开发区-西山-新希望家园,66,"朝南北
            ",800,开发,2室1厅,新希望家园2室1厅1卫,个人房源
5cd8fd6766ce8e8c77f593f7,开发区-滨海路-恒大公园大道,79,"朝南
            ",4000,开发,1室1厅,恒大公园大道 整租 1室1厅1卫 79平米(个人),个人房源
5cd8fd6766ce8e8c77f593f8,开发区-滨海路-华润海中国三期,61,"朝南
            ",2500,开发,1室1厅,开发区滨海路华润海中国三期 60.69平米1室1厅1卫,个人房源
5cd8fd6766ce8e8c77f593f9,开发区-滨海路-华润海中国五期,66,"朝南
            ",2300,开发,1室1厅,开发区滨海路华润海中国五期 66平米1室1厅1卫,个人房源
5cd8fd6766ce8e8c77f593fa,开发区-安盛-新日里,112,"朝南北
            ",1000,开发,2户合租,开发区安盛新日里 112平米3室2厅1卫,个人房源
5cd8fd6766ce8e8c77f593fb,开发区-安盛-五彩城快轨开发区站,15,"朝南北
            ",280,开发,2户合租,五彩城快轨开发区站合租*间9室3卫性别不限,个人房源
5cd8fd6766ce8e8c77f593fc,开发区-万国-左岸经典,48,"朝西
            ",2000,开发,1室1厅,左岸经典 整租 1室1厅1卫 47.5平米(个人),个人房源
5cd8fd6766ce8e8c77f593fd,开发区-红星海-红星海世界观,60,"朝南
            ",2200,开发,1室1厅,红星海世界观 整租 1室1厅1卫 60平米(个人),个人房源
5cd8fd6766ce8e8c77f593fe,开发区-高城山-远洋时代城三期,75,"朝南北
            ",14006,开发,2室1厅,远洋时代城三期2室1厅1卫,个人房源
5cd8fd6766ce8e8c77f593ff,"开发区-安盛-五彩城广场旁,快轨开发区",15,"朝南北
            ",300,开发,2户合租,"五彩城广场旁,快轨开发区合租*间9室3卫性别不限",个人房源
5cd8fd6766ce8e8c77f59400,开发区-滨海路-华润海中国六期,80,"朝南
            ",3500,开发,2室1厅,华润海中国六期 一线海景 *排无遮挡 2室精装拎包入住,个人房源
5cd8fd6766ce8e8c77f59401,开发区-安盛-亿锋现代城,48,"朝东西
            ",1500,开发,1室1厅,开发区安盛亿锋现代城 48平米1室1厅1卫,个人房源
5cd8fd6766ce8e8c77f59402,开发区-金石滩-水木华庭,90,"朝南北
            ",2500,开发,2室1厅,大连金石滩枫叶鲁美沈音民院好房出租,个人房源
5cd8fd6766ce8e8c77f59403,开发区-万国-左岸经典,48,"朝东
            ",1750,开发,1室1厅,开发区万国左岸经典 48平米1室1厅1卫,个人房源
5cd8fd6766ce8e8c77f59404,开发区-金石滩-鲁能优山美地,96,"朝南北
            ",2500,开发,2室2厅,鲁能优山美地2室2厅1卫,个人房源
5cd8fd6766ce8e8c77f59405,开发区-红星海-红星海世界观五期,112,"朝南北
            ",4500,开发,3室2厅,红星海世界观五期3室2厅1卫,个人房源
5cd8fd6766ce8e8c77f59406,开发区-安盛-东北明珠,80,"朝南
            ",2500,开发,2室1厅,东北明珠-精装两室-安盛万达商圈海景房-拎包入住,个人房源
5cd8fd6966ce8e8c77f59407,开发区-西山-金洋小区,63,"朝南北
            ",1300,开发,2室1厅,开发区西山金洋小区 63平米2室1厅1卫,个人房源
5cd8fd6966ce8e8c77f59408,开发区-安盛-新城丽景,67,"朝南北
            ",2100,开发,2室1厅,开发区安盛新城丽景 67平米2室1厅1卫,个人房源
5cd8fd6966ce8e8c77f59409,开发区-东城-奥东世纪,78,"朝南
            ",2500,开发,2室2厅,奥东世纪2室2厅1卫,个人房源
5cd8fd6966ce8e8c77f5940a,开发区-万国-亿锋广场,17,"朝南
            ",500,开发,1室0厅,亿锋广场1室0厅0卫,个人房源
5cd8fd6966ce8e8c77f5940b,开发区-红梅-蓝翎公寓+银帆北,25,"朝北
            ",800,开发,1室0厅,开发区红梅蓝翎公寓 银帆北 25平米1室0厅1卫,个人房源
5cd8fd6966ce8e8c77f5940c,开发区-西山-新希望家园,33,"朝南北
            ",1450,开发,1室1厅,新希望家园1室1厅1卫,个人房源
5cd8fd6966ce8e8c77f5940d,开发区-保税区-富林国际,39,"朝西
            ",1400,开发,1室1厅,富林国际1室1厅1卫,个人房源
5cd8fd6966ce8e8c77f5940e,开发区-保税区-金科理想城,50,"朝南
            ",800,开发,1室1厅,金科理想城1室1厅1卫,个人房源
5cd8fd6966ce8e8c77f5940f,开发区-红星海-红星海世界观青屿蓝,146,"朝南北
            ",6000,开发,3室2厅,红星海世界观青屿蓝 整租 3室2厅1卫 146平米(个人),个人房源
5cd8fd6966ce8e8c77f59410,开发区-滨海路-北欧假日+,236,"朝南北
            ",6600,开发,4室2厅,开发区滨海路北欧假日 236平米4室2厅2卫,个人房源
5cd8fd6966ce8e8c77f59411,开发区-湾里-金湾山城,60,"朝南
            ",1600,开发,2室1厅,金湾山城2室1厅1卫,个人房源
5cd8fd6966ce8e8c77f59412,开发区-西山-吉祥e家,41,"朝南
            ",1400,开发,1室0厅,开发区吉祥e家 41平米1室0厅1卫,个人房源
5cd8fd6966ce8e8c77f59413,开发区-湾里-民生园,75,"朝南
            ",1500,开发,2室1厅,开发区请选择商圈民生园 75平米2室1厅1卫,个人房源
5cd8fd6966ce8e8c77f59414,开发区-松峪里-北欧假日,51,"朝南
            ",1100,开发,1室1厅,北欧假日1室1厅1卫,个人房源
5cd8fd6966ce8e8c77f59415,开发区-金石滩-卧龙园,60,"朝南北
            ",1000,开发,2室1厅,开发区金石滩卧龙园 60平米2室1厅1卫,个人房源
5cd8fd6966ce8e8c77f59416,开发区-安盛-银帆国际,63,"朝南
            ",2200,开发,2室1厅,开发区安盛银帆国际 63平米2室1厅1卫,个人房源
5cd8fd6966ce8e8c77f59417,开发区-湾里-金湾又一城,48,"朝南
            ",1800,开发,1室1厅,金湾又一城 整租 1室1厅1卫 47.52平米(个人),个人房源
5cd8fd6966ce8e8c77f59418,开发区-保税区-苏荷壹号,45,"朝南
            ",1550,开发,1室1厅,苏荷壹号 整租 1室1厅1卫 45平米(个人),个人房源
5cd8fd6966ce8e8c77f59419,开发区-安盛-银帆国际,63,"朝南
            ",2200,开发,2室1厅,开发区安盛银帆国际 63平米2室1厅1卫,个人房源
5cd8fd6966ce8e8c77f5941a,开发区-安盛-安盛花园,90,"朝南
            ",350,开发,2户合租,安盛花园合租主卧1室1厅1卫,个人房源
5cd8fd6966ce8e8c77f5941b,开发区-西山-银帆国际,63,"朝南北
            ",2200,开发,2室1厅,开发区西山银帆国际 63平米2室1厅1卫,个人房源
5cd8fd6966ce8e8c77f5941c,开发区-高城山-远洋时代城三期,99,"朝南北
            ",2400,开发,3室1厅,远洋时代城三期3室1厅1卫,个人房源
5cd8fd6966ce8e8c77f5941d,开发区-滨海路-华润海中国四期,66,"朝南
            ",2600,开发,1室1厅,华润海中国四期1室1厅1卫,个人房源
5cd8fd6966ce8e8c77f5941e,开发区-万国-亿锋广场二期,71,"朝南北
            ",2400,开发,2室1厅,亿锋广场二期2室1厅1卫,个人房源
5cd8fd6966ce8e8c77f5941f,开发区-金石滩-金石小区,72,"朝南北
            ",1100,开发,1室2厅,金石小区1室2厅1卫,个人房源
5cd8fd6c66ce8e8c77f59420,开发区-湾里-湾里东,180,"朝南
            ",8333,开发,1室1厅,开发区旺地音乐培训机构出兑 180平现员100人,
5cd8fd6c66ce8e8c77f59421,开发区-安盛-安盛花园,1450,"朝南
            ",1450,开发,1室1厅,安盛花园一室精装修 楼层好 采光足 家具家电齐全,
